,id,time_post,time_parse,link,city,floor,floors_count,rooms_count,total_meters,price_per_m2,price_per_month,district,street,house_number,underground,Холодильник,Стиральная машина,Телевизор,Ванна,Мебель на кухне,Посудомоечная машина,Кондиционер,Интернет,Душевая кабина,Мебель в комнатах,Жилая площадь,Площадь кухни,Высота потолков,Планировка,Санузел,Балкон/лоджия,Вид из окон,Ремонт,Год постройки,Тип дома,Аварийность,Парковка
0,295706553,28/11/2023  09:49,28/11/2023 09:54,https://spb.cian.ru/rent/flat/295706553/,Ленобласть,3,18,1,31.6,949,30000,Всеволожский, Екатерининская,16/5,Девяткино,1,1,1,1,1,0,0,1,0,1,23.0,,,,,1 балкон,,Евроремонт,2023.0,,Нет,
1,295705403,28/11/2023  09:11,28/11/2023 09:55,https://spb.cian.ru/rent/flat/295705403/,Ленобласть,8,16,1,25.0,800,20000,Всеволожский,бульвар Петровский,7,Девяткино,1,1,1,0,1,0,0,0,1,1,20.0,,2.7,,1.0,1 лоджия,На улицу и двор,Евроремонт,2016.0,,Нет,Наземная
2,295695559,28/11/2023  00:27,28/11/2023 09:56,https://spb.cian.ru/rent/flat/295695559/,Ленобласть,8,9,1,29.0,551,16000,Всеволожский, Шекспира,1к2,,1,0,0,0,1,0,0,0,1,0,19.0,,,,,1 лоджия,На улицу,Косметический,2022.0,Кирпичный,Нет,
3,295693681,27/11/2023  23:31,28/11/2023 09:58,https://spb.cian.ru/rent/flat/295693681/,Ленобласть,14,18,1,23.0,869,20000,Всеволожский, Австрийская,4к1,Улица Дыбенко,1,1,1,1,1,0,0,0,0,1,15.0,,2.7,,1.0,1 лоджия,Во двор,Косметический,2015.0,Монолитный,Нет,Подземная
4,295692621,28/11/2023  09:12,28/11/2023 09:59,https://spb.cian.ru/rent/flat/295692621/,Ленобласть,2,12,1,24.1,829,20000,Всеволожский,бульвар Воронцовский,5к4,,1,1,0,0,1,0,0,0,0,1,,,,,1.0,"1 лоджия, 1 балкон",На улицу,Косметический,2019.0,Монолитно-кирпичный,Нет,
5,295692278,27/11/2023  22:47,28/11/2023 10:00,https://spb.cian.ru/rent/flat/295692278/,Ленобласть,7,9,1,25.7,778,20000,Всеволожский, Центральная,50,Улица Дыбенко,1,1,0,1,1,0,0,0,0,1,15.0,6.0,2.7,,1.0,1 балкон,На улицу,Без ремонта,2013.0,,Нет,
6,295691923,27/11/2023  22:33,28/11/2023 10:01,https://spb.cian.ru/rent/flat/295691923/,Ленобласть,7,15,1,20.0,1000,20000,Всеволожский,проспект Ручьевский,2,Девяткино,1,1,1,0,1,0,0,1,1,1,13.7,3.0,2.7,,1.0,1 балкон,На улицу,Евроремонт,2021.0,Монолитный,Нет,Наземная
7,295686963,27/11/2023  20:27,28/11/2023 10:03,https://spb.cian.ru/rent/flat/295686963/,Ленобласть,8,13,1,24.0,833,20000,Ломоносовский, Промышленная,10/4,,1,1,0,1,1,0,0,0,0,1,,,2.6,,1.0,1 лоджия,Во двор,Евроремонт,2022.0,Панельный,Нет,Наземная
8,295680835,27/11/2023  18:30,28/11/2023 10:04,https://spb.cian.ru/rent/flat/295680835/,Ленобласть,2,12,1,28.2,531,15000,Ломоносовский, Парадная,2/13,,1,0,0,0,1,0,0,0,0,1,14.0,7.0,2.6,,1.0,1 лоджия,На улицу,Евроремонт,2023.0,,Нет,
9,295673764,27/11/2023  16:32,28/11/2023 10:05,https://spb.cian.ru/rent/flat/295673764/,Ленобласть,17,21,1,27.2,735,20000,Всеволожский,проспект Ручьевский,3к1,Девяткино,1,1,1,0,1,0,0,1,1,1,17.0,,2.7,,1.0,1 балкон,Во двор,Евроремонт,2022.0,,Нет,
10,295673449,27/11/2023  19:57,28/11/2023 10:06,https://spb.cian.ru/rent/flat/295673449/,Ленобласть,16,21,1,28.0,892,25000,Всеволожский, Столичная,6,Улица Дыбенко,1,0,1,1,0,0,0,1,0,0,,,,,,,,Косметический,2016.0,Монолитный,Нет,
11,295671398,27/11/2023  18:56,28/11/2023 10:07,https://spb.cian.ru/rent/flat/295671398/,Ленобласть,5,5,1,31.0,645,20000,мкр. Центральный,Ленинградский проспект,10,,1,0,1,0,1,0,0,1,1,1,,,,,,,На улицу,Евроремонт,1940.0,Кирпичный,Нет,
12,295669208,27/11/2023  15:16,28/11/2023 10:08,https://spb.cian.ru/rent/flat/295669208/,Ленобласть,14,18,1,28.0,1000,28000,Всеволожский,бульвар Менделеева,,Девяткино,1,1,1,0,1,0,0,1,0,1,18.0,,,,1.0,1 лоджия,На улицу и двор,Евроремонт,,Монолитно-кирпичный,,Открытая
13,295659410,27/11/2023  23:26,28/11/2023 10:10,https://spb.cian.ru/rent/flat/295659410/,Ленобласть,9,21,1,26.0,961,25000,Всеволожский,бульвар Воронцовский,12,Девяткино,1,1,0,0,1,0,0,0,0,1,19.0,,2.7,,1.0,1 балкон,Во двор,Евроремонт,2016.0,Монолитно-кирпичный,Нет,Открытая
14,295658366,27/11/2023  12:43,28/11/2023 10:11,https://spb.cian.ru/rent/flat/295658366/,Ленобласть,1,24,1,20.0,1100,22000,Всеволожский,бульвар Воронцовский,19к1,Девяткино,1,1,0,0,1,0,0,1,1,1,,,2.7,,1.0,,На улицу,Евроремонт,2021.0,Монолитный,Нет,Наземная
15,295657267,27/11/2023  12:46,28/11/2023 10:12,https://spb.cian.ru/rent/flat/295657267/,Ленобласть,14,26,1,25.0,800,20000,Всеволожский,проспект Авиаторов Балтики,3к1,,1,1,0,1,1,0,0,0,0,1,19.2,,,,,1 лоджия,На улицу,Косметический,2018.0,,Нет,
16,295654730,27/11/2023  12:52,28/11/2023 10:13,https://spb.cian.ru/rent/flat/295654730/,Ленобласть,3,16,1,28.0,892,25000,Всеволожский,Мурино,1Ак1,Девяткино,1,1,1,0,1,0,0,1,1,1,23.0,2.0,2.7,,1.0,"1 лоджия, 3 балкона",Во двор,Евроремонт,2014.0,,Нет,
17,295654687,27/11/2023  11:43,28/11/2023 10:15,https://spb.cian.ru/rent/flat/295654687/,Ленобласть,16,18,1,24.4,1024,25000,Всеволожский, Венская,5,Улица Дыбенко,1,1,0,0,1,0,0,1,1,1,16.0,,2.7,,1.0,1 лоджия,На улицу и двор,Евроремонт,2014.0,Блочный,Нет,
18,295651383,27/11/2023  10:34,28/11/2023 10:15,https://spb.cian.ru/rent/flat/295651383/,Ленобласть,2,12,1,27.0,370,10000,Гатчинский,Большеколпанское с/пос,3,,1,1,0,0,1,0,0,0,0,0,17.0,5.0,2.7,,1.0,1 лоджия,На улицу,Косметический,2015.0,Монолитный,Нет,
19,295643299,27/11/2023  07:15,28/11/2023 10:16,https://spb.cian.ru/rent/flat/295643299/,Ленобласть,4,18,1,25.0,720,18000,Всеволожский,бульвар Воронцовский,17,Девяткино,1,1,1,0,1,0,0,1,0,1,15.0,5.0,,,1.0,1 лоджия,На улицу,Евроремонт,2018.0,Монолитный,Нет,Открытая
20,295642753,27/11/2023  10:37,28/11/2023 10:17,https://spb.cian.ru/rent/flat/295642753/,Ленобласть,10,22,1,25.0,800,20000,Всеволожский,бульвар Петровский,12к1,Девяткино,1,1,0,0,1,0,0,1,0,1,17.0,2.0,2.7,,1.0,1 балкон,Во двор,Евроремонт,2017.0,,Нет,Открытая
21,295630802,26/11/2023  23:59,28/11/2023 10:18,https://spb.cian.ru/rent/flat/295630802/,Ленобласть,6,12,1,22.0,1045,23000,Всеволожский,проспект Строителей,5,Улица Дыбенко,1,1,0,0,1,0,0,1,1,1,16.0,,3.0,,1.0,1 балкон,Во двор,Евроремонт,2023.0,Кирпичный,Нет,Наземная
22,295630744,27/11/2023  16:41,28/11/2023 10:19,https://spb.cian.ru/rent/flat/295630744/,Ленобласть,12,19,1,30.0,833,25000,Всеволожский, Шувалова,8,Девяткино,1,1,1,0,1,0,0,1,1,1,20.0,3.0,3.0,,1.0,1 лоджия,Во двор,Евроремонт,2019.0,Кирпичный,Нет,Наземная
23,295629903,27/11/2023  14:16,28/11/2023 10:21,https://spb.cian.ru/rent/flat/295629903/,Ленобласть,14,25,1,26.0,807,21000,Всеволожский, Английская,3к3,,0,0,0,0,0,0,0,1,0,0,16.0,,,,,1 лоджия,,Косметический,2018.0,,Нет,
24,295629898,27/11/2023  08:28,28/11/2023 10:21,https://spb.cian.ru/rent/flat/295629898/,Ленобласть,5,23,1,23.9,1129,27000,Всеволожский,проспект Европейский,22,Улица Дыбенко,1,1,0,1,1,0,0,0,0,1,15.2,,2.7,,1.0,1 лоджия,Во двор,Евроремонт,2022.0,,Нет,Подземная
25,295629678,27/11/2023  09:29,28/11/2023 10:23,https://spb.cian.ru/rent/flat/295629678/,Ленобласть,16,20,1,21.0,1000,21000,Всеволожский,бульвар Петровский,12к2,Девяткино,1,1,0,1,1,0,0,1,0,1,,,2.7,,1.0,1 лоджия,Во двор,Дизайнерский,2017.0,,Нет,Наземная
26,295628366,27/11/2023  08:11,28/11/2023 10:23,https://spb.cian.ru/rent/flat/295628366/,Ленобласть,11,22,1,27.0,740,20000,Всеволожский,бульвар Воронцовский,6,Девяткино,1,1,0,0,1,0,0,1,1,1,19.0,,,,1.0,1 лоджия,Во двор,Косметический,2015.0,Монолитно-кирпичный,Нет,
27,270179392,19/2/2024  12:13,22/02/2024 01:07,https://spb.cian.ru/rent/flat/270179392/,Ленобласть,3,18,1,23.0,1000,23000,Всеволожский,проспект Ручьевский,2,Девяткино,1,1,0,1,1,0,0,1,0,1,19.7,,2.7,,1.0,1 лоджия,Во двор,Евроремонт,2021.0,Монолитный,Нет,Многоуровневая
28,269425662,19/2/2024  00:39,22/02/2024 01:07,https://spb.cian.ru/rent/flat/269425662/,Ленобласть,13,23,1,25.3,909,23000,Всеволожский,бульвар Петровский,11к1,Девяткино,1,1,0,0,1,0,0,1,1,1,,,,,1.0,"1 лоджия, 1 балкон",Во двор,Евроремонт,2016.0,Монолитный,Нет,
29,269257128,19/2/2024  15:38,22/02/2024 01:07,https://spb.cian.ru/rent/flat/269257128/,Ленобласть,15,19,1,23.0,782,18000,Всеволожский, Шувалова,21,Девяткино,1,1,0,0,1,0,0,1,1,1,11.0,4.0,,,1.0,1 лоджия,На улицу,Евроремонт,2019.0,Монолитный,Нет,Наземная
30,267339052,20/02/2024  22:35,22/02/2024 01:07,https://spb.cian.ru/rent/flat/267339052/,Ленобласть,8,25,1,25.3,1067,27000,Всеволожский,Мурино,3к2,Девяткино,1,1,0,1,0,0,0,1,0,1,17.0,,,,,1 лоджия,Во двор,Евроремонт,2014.0,Монолитный,Нет,
31,266380231,21/02/2024  10:19,22/02/2024 01:07,https://spb.cian.ru/rent/flat/266380231/,Ленобласть,10,16,1,31.0,1154,35800,Тосненский,проспект Ленина,3,,1,1,1,0,1,0,0,1,1,1,20.0,,2.7,,1.0,1 лоджия,Во двор,Дизайнерский,2014.0,Панельный,Нет,Наземная
32,263814125,7/2/2024  11:45,22/02/2024 01:07,https://spb.cian.ru/rent/flat/263814125/,Ленобласть,13,19,1,26.0,846,22000,Всеволожский,бульвар Воронцовский,23/11,Девяткино,1,1,0,0,1,0,0,1,1,1,10.0,7.0,,,1.0,1 лоджия,На улицу,Евроремонт,2019.0,Кирпичный,Нет,
33,262861512,20/02/2024  18:24,22/02/2024 01:07,https://spb.cian.ru/rent/flat/262861512/,Ленобласть,7,13,1,23.0,913,21000,Всеволожский,бульвар Воронцовский,9к2,,1,1,0,0,1,0,0,0,1,1,,,,,1.0,1 лоджия,Во двор,Евроремонт,2019.0,Монолитно-кирпичный,Нет,Наземная
34,253443724,19/2/2024  11:58,22/02/2024 01:07,https://spb.cian.ru/rent/flat/253443724/,Ленобласть,24,25,1,26.0,1038,27000,Всеволожский,проспект Авиаторов Балтики,3к1,Девяткино,1,1,0,1,1,0,0,1,0,1,17.0,,2.7,,1.0,1 лоджия,,Евроремонт,2018.0,,Нет,Наземная
35,249498378,17/2/2024  21:01,22/02/2024 01:07,https://spb.cian.ru/rent/flat/249498378/,Ленобласть,21,25,1,26.0,884,23000,Всеволожский,аллея Охтинская,10к1,Девяткино,1,1,0,0,1,0,0,1,1,1,,,,,,1 балкон,,Евроремонт,2016.0,Монолитный,Нет,
36,248590761,8/2/2024  09:22,22/02/2024 01:07,https://spb.cian.ru/rent/flat/248590761/,Ленобласть,1,23,1,27.0,1037,28000,Всеволожский,бульвар Петровский,11к2,Девяткино,1,1,1,0,1,0,0,1,1,1,,,,,,1 балкон,,Евроремонт,2016.0,Монолитный,Нет,
37,246822791,16/2/2024  19:59,22/02/2024 01:07,https://spb.cian.ru/rent/flat/246822791/,Ленобласть,7,20,1,30.0,766,23000,Всеволожский,бульвар Петровский,12к2,Девяткино,1,1,1,0,1,0,0,1,1,1,20.0,3.0,,,1.0,1 лоджия,,Евроремонт,2017.0,,Нет,
38,245872852,20/02/2024  23:04,22/02/2024 01:07,https://spb.cian.ru/rent/flat/245872852/,Ленобласть,1,12,1,27.0,703,19000,Ломоносовский,пос. Новоселье,,,1,1,0,1,1,0,0,0,0,1,26.0,,,,1.0,1 балкон,,Евроремонт,,Панельный,,
39,241145837,16/2/2024  11:10,22/02/2024 01:07,https://spb.cian.ru/rent/flat/241145837/,Ленобласть,1,15,1,22.0,1090,24000,Всеволожский, Пражская,11,Улица Дыбенко,1,1,1,0,1,1,0,1,1,1,,,,,1.0,,,Евроремонт,2016.0,Кирпичный,Нет,
40,226233478,21/02/2024  19:14,22/02/2024 01:07,https://spb.cian.ru/rent/flat/226233478/,Ленобласть,5,15,1,26.0,961,25000,Всеволожский, Пражская,7,Улица Дыбенко,1,1,1,1,1,0,0,1,0,1,18.0,,3.0,,1.0,1 балкон,Во двор,Евроремонт,2017.0,Монолитно-кирпичный,Нет,Наземная
41,187045709,21/02/2024  10:38,22/02/2024 01:07,https://spb.cian.ru/rent/flat/187045709/,Ленобласть,17,22,1,29.0,620,18000,Всеволожский, Шувалова,3,Девяткино,1,1,1,1,1,0,0,1,0,1,26.0,,,,1.0,1 лоджия,Во двор,Косметический,2014.0,Монолитно-кирпичный,Нет,
42,170058098,20/02/2024  12:54,22/02/2024 01:07,https://spb.cian.ru/rent/flat/170058098/,Ленобласть,4,25,1,26.0,884,23000,Всеволожский,проспект Авиаторов Балтики,7,Девяткино,1,1,1,0,1,0,0,1,0,1,26.0,,,,1.0,1 лоджия,,Евроремонт,2016.0,Монолитный,Нет,
43,153675287,7/2/2024  16:11,22/02/2024 01:07,https://spb.cian.ru/rent/flat/153675287/,Ленобласть,3,9,1,24.0,1041,25000,Всеволожский, Центральная,54к1,Улица Дыбенко,1,1,1,0,1,0,0,1,1,1,17.0,,,,1.0,1 лоджия,Во двор,Евроремонт,2012.0,Кирпичный,Нет,Наземная
44,298412462,20/02/2024  15:49,22/02/2024 01:07,https://spb.cian.ru/rent/flat/298412462/,Ленобласть,10,25,1,30.0,766,23000,Всеволожский,бульвар Менделеева,3,Девяткино,1,1,1,0,1,0,0,1,1,1,22.0,,2.7,,1.0,1 лоджия,На улицу и двор,Косметический,2016.0,Монолитный,Нет,
45,297208944,21/02/2024  16:11,22/02/2024 01:07,https://spb.cian.ru/rent/flat/297208944/,Ленобласть,8,16,1,25.9,810,21000,Всеволожский,бульвар Воронцовский,2,Девяткино,1,1,0,0,0,0,0,0,0,1,20.0,,,,1.0,1 лоджия,Во двор,Евроремонт,2014.0,Монолитно-кирпичный,Нет,Наземная
46,298213721,21/02/2024  16:30,21/02/2024 22:57,https://spb.cian.ru/rent/flat/298213721/,Ленобласть,13,18,1,22.0,909,20000,Всеволожский,бульвар Петровский,14к1,,0,0,0,0,0,0,0,1,0,1,13.0,4.0,,,1.0,1 лоджия,,Евроремонт,2018.0,Монолитный,Нет,
47,298483414,12/2/2024  19:23,21/02/2024 22:12,https://spb.cian.ru/rent/flat/298483414/,Ленобласть,21,22,1,30.0,766,23000,Всеволожский, Шувалова,14,Девяткино,1,1,1,0,1,0,0,1,1,1,20.0,5.0,2.7,,1.0,1 лоджия,На улицу и двор,Евроремонт,2019.0,,Нет,Наземная
48,298436711,21/02/2024  12:32,22/02/2024 01:07,https://spb.cian.ru/rent/flat/298436711/,Ленобласть,10,13,1,26.0,692,18000,Всеволожский,Оборонная ,37к2,Девяткино,1,1,0,1,1,0,0,1,0,1,16.0,5.0,2.7,,1.0,1 балкон,Во двор,Евроремонт,2018.0,Монолитный,Нет,Наземная
49,298534038,19/2/2024  13:11,22/02/2024 01:07,https://spb.cian.ru/rent/flat/298534038/,Ленобласть,8,19,1,23.0,782,18000,Всеволожский,бульвар Воронцовский,19к1,Девяткино,1,1,1,0,1,0,0,1,0,1,12.0,6.0,,,1.0,,Во двор,Евроремонт,2021.0,Монолитный,Нет,
50,298087066,19/2/2024  11:13,22/02/2024 01:07,https://spb.cian.ru/rent/flat/298087066/,Ленобласть,15,18,1,31.6,664,21000,Всеволожский,бульвар Воронцовский,2,Девяткино,1,1,1,0,1,0,0,1,1,1,18.0,5.0,,,1.0,1 балкон,На улицу,Косметический,2014.0,Монолитно-кирпичный,Нет,Наземная
51,297856082,10/2/2024  12:39,21/02/2024 23:20,https://spb.cian.ru/rent/flat/297856082/,Ленобласть,12,13,1,25.0,760,19000,Всеволожский,бульвар Воронцовский,5к5,,1,1,1,1,1,0,0,1,0,1,,,,,1.0,1 лоджия,Во двор,Косметический,2018.0,Монолитный,Нет,Наземная
52,298533206,13/2/2024  21:37,21/02/2024 22:12,https://spb.cian.ru/rent/flat/298533206/,Ленобласть,10,17,1,26.5,849,22500,Всеволожский, Екатерининская,22к1,,1,1,0,1,1,0,0,0,0,1,20.0,,,,1.0,1 балкон,Во двор,Евроремонт,2018.0,Монолитный,Нет,
53,298526231,15/2/2024  18:54,21/02/2024 22:13,https://spb.cian.ru/rent/flat/298526231/,Ленобласть,2,5,1,24.2,785,19000,Всеволожский, Мира,9к1,Проспект Просвещения,1,1,0,0,1,0,0,1,0,1,15.2,4.0,2.7,,1.0,1 балкон,На улицу,Косметический,2023.0,Монолитный,Нет,Открытая
54,298524873,21/02/2024  16:32,21/02/2024 22:14,https://spb.cian.ru/rent/flat/298524873/,Ленобласть,6,15,1,23.8,966,23000,Всеволожский, Столичная,5к2,Улица Дыбенко,1,1,0,0,1,0,0,0,1,1,,,,,1.0,1 балкон,Во двор,Косметический,2015.0,Кирпичный,Нет,Наземная
55,298521217,13/2/2024  16:47,21/02/2024 22:15,https://spb.cian.ru/rent/flat/298521217/,Ленобласть,4,25,1,25.0,980,24500,Всеволожский,бульвар Петровский,7,Девяткино,1,1,0,0,0,0,0,0,0,0,,,,,1.0,1 лоджия,Во двор,Косметический,2016.0,,Нет,Открытая
56,298515652,19/2/2024  11:13,21/02/2024 22:16,https://spb.cian.ru/rent/flat/298515652/,Ленобласть,8,18,1,26.0,807,21000,Всеволожский, Екатерининская,10,Девяткино,1,1,0,1,1,0,0,0,0,1,,,2.7,,1.0,1 балкон,На улицу,Евроремонт,2021.0,,Нет,Наземная
57,298515511,17/2/2024  18:17,21/02/2024 22:16,https://spb.cian.ru/rent/flat/298515511/,Ленобласть,9,14,1,26.0,1153,30000,Всеволожский,проспект Европейский,13к4,Улица Дыбенко,1,1,1,1,1,0,0,1,0,1,15.0,,2.7,,1.0,1 балкон,На улицу,Евроремонт,2016.0,Монолитный,Нет,Наземная
58,298509807,20/02/2024  18:27,21/02/2024 22:16,https://spb.cian.ru/rent/flat/298509807/,Ленобласть,5,12,1,25.0,960,24000,Всеволожский,бульвар Воронцовский,11к1,,1,1,0,0,0,0,0,0,0,1,15.0,5.0,,,1.0,1 балкон,,Косметический,2017.0,Монолитный,Нет,
59,298509555,21/02/2024  21:42,21/02/2024 22:17,https://spb.cian.ru/rent/flat/298509555/,Ленобласть,5,13,1,20.7,1256,26000,Всеволожский, Екатерининская,3/4,Девяткино,1,1,0,1,1,1,0,1,0,1,15.0,4.0,2.6,,1.0,1 балкон,На улицу,Евроремонт,2023.0,Монолитный,Нет,Наземная
60,298509296,13/2/2024  12:29,21/02/2024 22:18,https://spb.cian.ru/rent/flat/298509296/,Ленобласть,6,19,1,20.0,1325,26500,Всеволожский, Шувалова,19к1,Девяткино,1,1,1,0,0,0,0,0,0,0,,,,,1.0,1 лоджия,На улицу,Косметический,2019.0,Монолитный,Нет,Открытая
61,298484381,12/2/2024  20:00,21/02/2024 22:19,https://spb.cian.ru/rent/flat/298484381/,Ленобласть,7,8,1,32.0,562,18000,Всеволожский,пос. Щеглово,42,,1,1,1,1,1,0,0,1,0,1,25.0,,,,1.0,1 балкон,На улицу,Косметический,2023.0,,Нет,Наземная
62,298484216,17/2/2024  18:33,21/02/2024 22:20,https://spb.cian.ru/rent/flat/298484216/,Ленобласть,2,15,1,26.3,570,15000,Тосненский,Школьная ,2Б,,1,1,1,1,1,0,0,1,0,1,,5.0,,,1.0,,Во двор,Евроремонт,2016.0,,Нет,Наземная
63,298478396,21/02/2024  16:08,21/02/2024 22:20,https://spb.cian.ru/rent/flat/298478396/,Ленобласть,7,12,1,26.0,692,18000,Всеволожский,бульвар Воронцовский,23/11,Девяткино,0,0,0,0,0,0,0,1,0,0,20.0,1.0,,,,,,Евроремонт,2019.0,Кирпичный,Нет,
64,298475285,14/2/2024  20:51,21/02/2024 22:21,https://spb.cian.ru/rent/flat/298475285/,Ленобласть,11,14,1,24.3,946,23000,Всеволожский,проспект Европейский,5,Улица Дыбенко,1,1,1,0,1,0,0,1,1,1,14.0,5.0,,,1.0,1 лоджия,Во двор,Косметический,2015.0,Кирпичный,Нет,Наземная
65,298469201,17/2/2024  23:07,21/02/2024 22:22,https://spb.cian.ru/rent/flat/298469201/,Ленобласть,2,20,1,25.5,745,19000,Всеволожский, Шувалова,19к2,Девяткино,1,1,1,0,1,0,0,0,1,1,14.5,6.0,2.7,,1.0,1 балкон,Во двор,Евроремонт,2019.0,Монолитный,Нет,Наземная
66,298467467,20/02/2024  13:28,21/02/2024 22:23,https://spb.cian.ru/rent/flat/298467467/,Ленобласть,5,9,1,24.0,708,17000,Всеволожский, Ясная,4к1,,1,1,0,1,1,0,0,1,0,1,11.0,8.0,2.6,,1.0,1 лоджия,,Косметический,2020.0,,Нет,Открытая
67,298467091,19/2/2024  08:43,21/02/2024 22:24,https://spb.cian.ru/rent/flat/298467091/,Ленобласть,5,19,1,28.5,842,24000,Всеволожский,проспект Авиаторов Балтики,29к2,Девяткино,1,1,0,0,1,0,0,1,1,1,21.0,,,,1.0,1 лоджия,,Евроремонт,2023.0,Монолитный,Нет,
68,298465125,20/02/2024  12:47,21/02/2024 22:25,https://spb.cian.ru/rent/flat/298465125/,Ленобласть,1,16,1,28.0,750,21000,Всеволожский,проспект Авиаторов Балтики,25,Девяткино,1,1,1,0,1,0,0,0,0,1,15.0,7.0,,,1.0,,Во двор,Косметический,2022.0,Монолитный,Нет,Открытая
69,298460335,12/2/2024  13:10,21/02/2024 22:26,https://spb.cian.ru/rent/flat/298460335/,Ленобласть,11,15,1,27.0,1037,28000,Всеволожский, Пражская,9,Улица Дыбенко,1,1,1,0,0,0,0,0,0,0,,,,,1.0,1 балкон,На улицу,Косметический,2016.0,Монолитно-кирпичный,Нет,Открытая
70,298456722,19/2/2024  12:33,21/02/2024 22:27,https://spb.cian.ru/rent/flat/298456722/,Ленобласть,9,16,1,23.8,756,18000,Всеволожский,проспект Авиаторов Балтики,31,Девяткино,1,1,1,0,1,0,0,0,0,1,18.0,,,,1.0,1 лоджия,,Евроремонт,2018.0,Монолитный,Нет,
71,298452343,21/02/2024  09:43,21/02/2024 22:27,https://spb.cian.ru/rent/flat/298452343/,Ленобласть,3,8,1,21.0,857,18000,Всеволожский, Рождественская,2,,1,1,1,1,1,0,0,0,0,1,,,,,1.0,1 лоджия,Во двор,Евроремонт,2023.0,,Нет,Наземная
72,298438860,14/2/2024  17:35,21/02/2024 22:28,https://spb.cian.ru/rent/flat/298438860/,Ленобласть,7,17,1,26.4,833,22000,Ломоносовский, Современников,1к3,,1,1,1,1,1,0,0,1,0,1,17.0,,2.6,,1.0,1 лоджия,Во двор,Евроремонт,2022.0,,Нет,Наземная
73,298438755,21/02/2024  18:41,21/02/2024 22:29,https://spb.cian.ru/rent/flat/298438755/,Ленобласть,20,25,1,24.0,958,23000,Всеволожский, Английская,3к3,,1,1,0,1,1,1,0,1,0,1,18.0,,,,,1 лоджия,Во двор,Косметический,2018.0,,Нет,
74,298435304,11/2/2024  19:38,21/02/2024 22:30,https://spb.cian.ru/rent/flat/298435304/,Ленобласть,8,8,1,23.5,851,20000,Ломоносовский, Центральная,18,,1,1,1,0,1,0,0,1,1,1,17.5,,2.6,,1.0,1 лоджия,На улицу,Евроремонт,,,,Наземная
75,298432538,14/2/2024  10:15,21/02/2024 22:31,https://spb.cian.ru/rent/flat/298432538/,Ленобласть,20,21,1,31.0,516,16000,Всеволожский, Тихая,3к2,,0,0,0,1,0,0,0,0,0,0,19.0,,,,1.0,1 лоджия,,Евроремонт,2023.0,,Нет,
76,298432164,21/02/2024  14:03,21/02/2024 22:32,https://spb.cian.ru/rent/flat/298432164/,Ленобласть,4,17,1,25.0,760,19000,Всеволожский,бульвар Петровский,14к3,Девяткино,1,1,0,0,1,0,0,1,1,1,,,,,1.0,1 лоджия,,Косметический,2018.0,Монолитный,Нет,
77,298431251,21/02/2024  18:59,21/02/2024 22:32,https://spb.cian.ru/rent/flat/298431251/,Ленобласть,16,16,1,28.0,750,21000,Всеволожский,проспект Авиаторов Балтики,1к1,Девяткино,1,1,0,1,1,0,0,1,0,1,,,2.8,,1.0,1 лоджия,,Косметический,2014.0,Монолитный,Нет,
78,298420322,21/02/2024  20:44,21/02/2024 22:33,https://spb.cian.ru/rent/flat/298420322/,Ленобласть,5,16,1,22.9,786,18000,Всеволожский, Шувалова,48,Девяткино,1,1,0,1,1,0,0,0,0,1,17.0,4.0,2.6,,1.0,1 лоджия,Во двор,Евроремонт,2019.0,Монолитный,Нет,Наземная
79,298418599,11/2/2024  21:10,21/02/2024 22:34,https://spb.cian.ru/rent/flat/298418599/,Ленобласть,14,16,1,24.0,958,23000,,шоссе Дорога Жизни,7к2,Ладожская,1,1,1,1,1,1,0,1,0,1,17.0,6.0,,,1.0,1 лоджия,На улицу,Евроремонт,2023.0,,Нет,
80,298417353,11/2/2024  15:24,21/02/2024 22:35,https://spb.cian.ru/rent/flat/298417353/,Ленобласть,10,17,1,26.5,849,22500,Всеволожский, Екатерининская,22к1,,1,1,0,1,1,0,0,0,0,1,20.0,,,,1.0,1 лоджия,Во двор,Косметический,2018.0,Монолитный,Нет,
81,298416451,18/2/2024  09:48,21/02/2024 22:36,https://spb.cian.ru/rent/flat/298416451/,Ленобласть,17,23,1,28.5,877,25000,Всеволожский,бульвар Воронцовский,12,Девяткино,1,1,1,0,1,0,0,1,1,1,,,,,1.0,1 лоджия,Во двор,Дизайнерский,2016.0,Монолитно-кирпичный,Нет,Наземная
82,298416235,11/2/2024  12:33,21/02/2024 22:37,https://spb.cian.ru/rent/flat/298416235/,Ленобласть,4,19,1,24.0,791,19000,Всеволожский, Графская,12к1,Девяткино,1,1,0,0,1,0,0,0,1,1,,,,,1.0,1 лоджия,,Косметический,2017.0,,Нет,
83,298410354,11/2/2024  17:23,21/02/2024 22:38,https://spb.cian.ru/rent/flat/298410354/,Ленобласть,2,5,1,23.0,652,15000,Всеволожский, Мира,7к2,Проспект Просвещения,1,1,0,0,0,0,0,0,1,0,23.0,,,,1.0,1 балкон,На улицу,Евроремонт,,,,Наземная
84,298383059,19/2/2024  16:32,21/02/2024 22:39,https://spb.cian.ru/rent/flat/298383059/,Ленобласть,14,24,1,25.5,941,24000,Всеволожский, Первых,2к1,,1,1,0,0,1,0,0,0,1,1,,,,,1.0,1 лоджия,На улицу,Евроремонт,2022.0,,Нет,Наземная
85,298363516,21/02/2024  16:11,21/02/2024 22:40,https://spb.cian.ru/rent/flat/298363516/,Ленобласть,1,25,1,21.48,977,21000,Всеволожский, Английская,2,Улица Дыбенко,1,1,1,0,0,0,0,0,1,1,13.5,3.0,,,1.0,1 лоджия,На улицу,Косметический,2019.0,Монолитный,Нет,
86,298363120,9/2/2024  11:59,21/02/2024 22:40,https://spb.cian.ru/rent/flat/298363120/,Ленобласть,8,20,1,24.0,1000,24000,Всеволожский, Шувалова,17,Девяткино,1,1,0,0,1,0,0,1,1,1,15.0,,2.7,,1.0,1 лоджия,Во двор,Евроремонт,2017.0,,Нет,Наземная
87,298362880,20/02/2024  19:16,21/02/2024 22:41,https://spb.cian.ru/rent/flat/298362880/,Ленобласть,4,4,1,21.0,1047,22000,Всеволожский, Шоссе в Лаврики,33,Девяткино,1,1,0,0,0,0,0,0,0,0,,,,,1.0,,На улицу,Евроремонт,2015.0,,Нет,Открытая
88,298359257,20/02/2024  13:19,21/02/2024 22:42,https://spb.cian.ru/rent/flat/298359257/,Ленобласть,10,13,1,28.0,750,21000,Всеволожский,бульвар Петровский,27,,1,1,1,0,1,0,0,1,1,1,,,2.7,,1.0,1 лоджия,Во двор,Евроремонт,2019.0,Кирпичный,Нет,Наземная
89,298355126,18/2/2024  12:37,21/02/2024 22:42,https://spb.cian.ru/rent/flat/298355126/,Ленобласть,2,19,1,20.0,1000,20000,Всеволожский,проспект Ручьевский,3к1,Девяткино,1,1,0,0,0,0,0,0,0,0,,,,,1.0,1 лоджия,На улицу,Косметический,2022.0,,Нет,Подземная
90,298346544,16/2/2024  15:48,21/02/2024 22:43,https://spb.cian.ru/rent/flat/298346544/,Ленобласть,7,20,1,23.0,913,21000,Всеволожский, Пражская,15,Улица Дыбенко,1,1,0,1,1,0,1,1,0,1,16.0,4.0,2.7,,1.0,1 лоджия,Во двор,Косметический,2017.0,Монолитный,Нет,
91,298335412,21/02/2024  17:37,21/02/2024 22:44,https://spb.cian.ru/rent/flat/298335412/,Ленобласть,9,12,1,27.0,740,20000,Ломоносовский,Аннинское городское поселение,1,,1,1,0,0,1,0,0,0,0,1,17.0,2.0,,,1.0,,,,,Панельный,,
92,298315712,21/02/2024  12:30,21/02/2024 22:46,https://spb.cian.ru/rent/flat/298315712/,Ленобласть,4,16,1,25.0,1000,25000,Всеволожский,бульвар Петровский,6к2,Девяткино,1,1,1,1,1,0,0,1,0,1,18.0,,2.7,,1.0,1 балкон,Во двор,Евроремонт,2022.0,,Нет,Наземная
93,298299940,21/02/2024  18:39,21/02/2024 22:47,https://spb.cian.ru/rent/flat/298299940/,Ленобласть,1,12,1,21.6,1111,24000,Всеволожский, Пражская,11,,1,1,1,0,1,0,1,1,1,1,13.0,,,,,,Во двор,Косметический,2016.0,Кирпичный,Нет,
94,298297996,19/2/2024  17:51,21/02/2024 22:48,https://spb.cian.ru/rent/flat/298297996/,Ленобласть,6,17,1,20.0,1000,20000,Всеволожский, Пражская,4,Улица Дыбенко,1,1,0,0,1,0,0,1,1,1,,,2.7,,1.0,1 балкон,,Косметический,2020.0,Монолитно-кирпичный,Нет,
95,298295172,13/2/2024  19:43,21/02/2024 22:49,https://spb.cian.ru/rent/flat/298295172/,Ленобласть,2,5,1,34.0,735,25000,,проспект Ленина,16,Парнас,1,1,1,1,1,0,0,1,0,0,18.0,,3.1,,1.0,,,Евроремонт,1940.0,Кирпичный,Нет,
96,298291985,8/2/2024  08:55,21/02/2024 22:50,https://spb.cian.ru/rent/flat/298291985/,Ленобласть,6,20,1,21.0,1190,25000,Всеволожский, Шувалова,19к1,Девяткино,1,1,1,1,1,0,0,1,0,1,21.0,,,,1.0,1 балкон,На улицу,Евроремонт,2019.0,Монолитный,Нет,Наземная
97,298283178,15/2/2024  12:28,21/02/2024 22:51,https://spb.cian.ru/rent/flat/298283178/,Ленобласть,7,18,1,27.0,740,20000,Всеволожский, Шоссе в Лаврики,95,Девяткино,1,1,1,0,1,0,0,1,1,1,,,2.8,,1.0,,Во двор,Евроремонт,2023.0,,Нет,Наземная
98,298279570,9/2/2024  21:56,21/02/2024 22:51,https://spb.cian.ru/rent/flat/298279570/,Ленобласть,12,20,1,30.0,666,20000,Всеволожский, Шоссе в Лаврики,85,Девяткино,1,1,1,1,1,0,0,0,0,1,19.0,4.0,2.7,,1.0,1 лоджия,Во двор,Дизайнерский,2015.0,Кирпичный,Нет,Наземная
99,298278382,8/2/2024  07:35,21/02/2024 22:52,https://spb.cian.ru/rent/flat/298278382/,Ленобласть,5,17,1,26.0,846,22000,Всеволожский, Шувалова,48,Девяткино,1,1,0,0,1,0,0,0,1,1,18.0,,2.6,,1.0,1 лоджия,Во двор,Косметический,2019.0,Монолитный,Нет,Наземная
100,298274581,19/2/2024  16:45,21/02/2024 22:53,https://spb.cian.ru/rent/flat/298274581/,Ленобласть,1,6,1,23.0,782,18000,Ломоносовский, Верхняя,1к1,,1,1,1,0,1,0,0,1,1,1,18.0,3.0,2.7,,1.0,1 лоджия,Во двор,Евроремонт,2017.0,Монолитный,Нет,Наземная
101,298267159,20/02/2024  10:31,21/02/2024 22:54,https://spb.cian.ru/rent/flat/298267159/,Ленобласть,7,15,1,21.4,841,18000,Всеволожский, Пражская,11,Улица Дыбенко,1,1,0,0,1,0,0,1,1,1,12.0,5.0,2.7,,1.0,1 лоджия,Во двор,Евроремонт,2016.0,Кирпичный,Нет,Наземная
102,298266211,21/02/2024  18:41,21/02/2024 22:55,https://spb.cian.ru/rent/flat/298266211/,Ленобласть,8,18,1,20.1,995,20000,Всеволожский,бульвар Воронцовский,17,Девяткино,1,1,0,1,1,0,0,1,0,1,14.0,,,,,1 лоджия,Во двор,Евроремонт,2018.0,Монолитный,Нет,
103,298260202,13/2/2024  11:08,21/02/2024 22:56,https://spb.cian.ru/rent/flat/298260202/,Ленобласть,4,5,1,23.8,840,20000,Всеволожский, Мира,11к2,Проспект Просвещения,1,1,1,0,1,0,0,1,0,1,14.8,4.0,,,1.0,1 лоджия,Во двор,Евроремонт,2019.0,,Нет,Открытая
104,298258627,21/02/2024  11:49,21/02/2024 22:57,https://spb.cian.ru/rent/flat/298258627/,Ленобласть,13,21,1,24.0,833,20000,Всеволожский,проспект Европейский,3,Улица Дыбенко,1,1,0,0,1,0,0,1,1,1,,,2.7,,1.0,1 лоджия,Во двор,Дизайнерский,2014.0,Кирпичный,Нет,Наземная
105,298255243,11/2/2024  20:35,21/02/2024 22:57,https://spb.cian.ru/rent/flat/298255243/,Ленобласть,2,12,1,24.0,541,13000,Гатчинский,Большеколпанское с/пос,3,,1,1,0,0,0,0,0,0,0,1,16.0,,2.7,,1.0,1 лоджия,На улицу,Косметический,2015.0,Монолитный,Нет,
106,298247777,12/2/2024  20:51,21/02/2024 22:58,https://spb.cian.ru/rent/flat/298247777/,Ленобласть,4,8,1,24.0,791,19000,Всеволожский, Ясная,11к6,,1,1,1,1,1,0,0,0,0,1,18.0,,2.7,,1.0,1 балкон,На улицу,Косметический,2018.0,,Нет,
107,298238236,21/02/2024  00:18,21/02/2024 22:59,https://spb.cian.ru/rent/flat/298238236/,Ленобласть,19,23,1,24.0,979,23500,Всеволожский, Английская,1,Улица Дыбенко,1,1,0,0,0,1,0,0,0,0,,,,,1.0,1 лоджия,Во двор,Евроремонт,2017.0,Монолитно-кирпичный,Нет,Подземная
108,298233322,18/2/2024  21:39,21/02/2024 23:00,https://spb.cian.ru/rent/flat/298233322/,Ленобласть,13,22,1,26.3,950,25000,Всеволожский, Английская,3к1,,1,1,0,0,1,0,0,1,0,1,16.0,4.0,,,1.0,1 лоджия,Во двор,Евроремонт,2018.0,,Нет,
109,298231899,20/02/2024  15:54,21/02/2024 23:01,https://spb.cian.ru/rent/flat/298231899/,Ленобласть,21,25,1,25.0,1120,28000,Всеволожский,Мурино,3к3,Девяткино,1,1,0,0,1,0,0,1,1,1,14.6,,2.7,,1.0,"1 лоджия, 1 балкон",На улицу,Евроремонт,2015.0,Панельный,Нет,Наземная
110,298224459,18/2/2024  01:23,21/02/2024 23:02,https://spb.cian.ru/rent/flat/298224459/,Ленобласть,17,19,1,27.0,907,24500,Всеволожский,аллея Охтинская,10,Девяткино,1,1,1,0,0,0,0,0,0,0,,,,,1.0,1 лоджия,На улицу,Косметический,2016.0,,Нет,Открытая
111,298223492,18/2/2024  07:09,21/02/2024 23:03,https://spb.cian.ru/rent/flat/298223492/,Ленобласть,15,18,1,28.0,1071,30000,Всеволожский, Екатерининская,10,Девяткино,1,1,1,1,1,1,0,1,0,1,18.0,5.0,2.7,,1.0,1 лоджия,,Евроремонт,2021.0,,Нет,Наземная
112,298220487,19/2/2024  10:10,21/02/2024 23:04,https://spb.cian.ru/rent/flat/298220487/,Ленобласть,17,17,1,30.0,666,20000,Всеволожский, Шоссе в Лаврики,57к3,Девяткино,1,1,0,1,1,0,0,1,0,1,20.0,,2.6,,1.0,1 балкон,Во двор,Косметический,2020.0,,Нет,Подземная
113,298213042,20/02/2024  17:48,21/02/2024 23:05,https://spb.cian.ru/rent/flat/298213042/,Ленобласть,14,23,1,27.0,666,18000,Всеволожский, Главная,14,,0,0,0,0,0,0,0,0,1,0,16.0,4.0,,,1.0,,На улицу,Косметический,2022.0,,Нет,
114,298203595,20/02/2024  11:17,21/02/2024 23:06,https://spb.cian.ru/rent/flat/298203595/,Ленобласть,14,16,1,25.0,880,22000,Всеволожский,бульвар Петровский,7,Девяткино,1,1,0,0,1,0,0,1,1,1,20.0,5.0,2.7,,1.0,1 балкон,На улицу,Евроремонт,2016.0,,Нет,Наземная
115,298202358,21/02/2024  18:40,21/02/2024 23:07,https://spb.cian.ru/rent/flat/298202358/,Ленобласть,14,23,1,25.0,640,16000,Всеволожский, Тихая,5к1,,0,0,0,1,0,0,0,0,0,0,16.0,,,,,1 балкон,На улицу,Евроремонт,2023.0,,Нет,
116,298173241,8/2/2024  17:19,21/02/2024 23:08,https://spb.cian.ru/rent/flat/298173241/,Ленобласть,9,19,1,25.5,784,20000,Всеволожский,проспект Авиаторов Балтики,29к2,Девяткино,1,1,0,0,1,0,0,0,1,1,16.6,,,,1.0,1 лоджия,На улицу,Косметический,2023.0,Монолитный,Нет,Наземная
117,298168918,20/02/2024  20:12,21/02/2024 23:08,https://spb.cian.ru/rent/flat/298168918/,Ленобласть,6,17,1,25.0,840,21000,Всеволожский, Шувалова,40,Девяткино,1,1,1,0,1,0,0,1,1,1,16.0,,2.6,,1.0,1 лоджия,Во двор,Дизайнерский,2022.0,Монолитный,Нет,Наземная
118,298166258,15/2/2024  00:28,21/02/2024 23:09,https://spb.cian.ru/rent/flat/298166258/,Ленобласть,1,25,1,20.0,1400,28000,Всеволожский,Мурино,3к3,Девяткино,1,1,1,0,0,0,0,0,0,0,,,,,1.0,,Во двор,Косметический,2015.0,Панельный,Нет,Открытая
119,298162989,20/02/2024  19:33,21/02/2024 23:10,https://spb.cian.ru/rent/flat/298162989/,Ленобласть,14,22,1,27.0,555,15000,Всеволожский, Главная,14,,0,0,0,0,0,0,0,0,1,0,21.0,2.0,2.7,,1.0,1 лоджия,Во двор,Косметический,2022.0,,Нет,Наземная
120,298159677,14/2/2024  16:34,22/02/2024 01:07,https://spb.cian.ru/rent/flat/298159677/,Ленобласть,3,19,1,21.0,1023,21500,Всеволожский,проспект Авиаторов Балтики,29к2,Девяткино,1,1,1,0,1,0,0,1,1,1,14.0,5.0,,,1.0,1 балкон,Во двор,Евроремонт,2023.0,Монолитный,Нет,Многоуровневая
121,298157802,16/2/2024  11:09,21/02/2024 23:12,https://spb.cian.ru/rent/flat/298157802/,Ленобласть,4,16,1,30.7,651,20000,Всеволожский, Тихая,17,,1,1,0,0,1,0,0,0,1,1,20.0,,2.7,,1.0,1 лоджия,На улицу,Евроремонт,2023.0,,Нет,
122,298153777,21/02/2024  18:59,21/02/2024 23:12,https://spb.cian.ru/rent/flat/298153777/,Ленобласть,13,13,1,23.0,1086,25000,Всеволожский, Шувалова,18/8,Девяткино,1,1,1,1,0,1,1,0,0,1,15.0,3.0,,,1.0,1 лоджия,,Дизайнерский,2022.0,,Нет,
123,298142492,5/2/2024  15:10,21/02/2024 23:13,https://spb.cian.ru/rent/flat/298142492/,Ленобласть,2,10,1,25.0,1000,25000,Всеволожский, Центральная,54к2,Улица Дыбенко,1,1,1,0,1,0,0,1,1,1,14.0,4.0,,,1.0,1 лоджия,Во двор,Косметический,2013.0,Монолитный,Нет,Наземная
124,298135316,21/02/2024  10:20,21/02/2024 23:14,https://spb.cian.ru/rent/flat/298135316/,Ленобласть,2,3,1,21.0,1190,25000,Всеволожский,Центральная ,2,Девяткино,1,1,1,0,1,0,0,0,1,1,15.0,,,,1.0,,,Евроремонт,,,,
125,298132609,11/2/2024  15:31,21/02/2024 23:15,https://spb.cian.ru/rent/flat/298132609/,Ленобласть,1,25,1,32.0,1031,33000,Всеволожский,Мурино,3к3,Девяткино,1,1,1,0,0,0,0,0,0,0,,,,,1.0,,Во двор,Косметический,2015.0,Панельный,Нет,Открытая
126,298128732,9/2/2024  06:36,21/02/2024 23:16,https://spb.cian.ru/rent/flat/298128732/,Ленобласть,5,23,1,25.0,760,19000,Всеволожский,бульвар Воронцовский,6,Девяткино,1,1,0,0,1,0,0,0,1,1,,,,,1.0,1 лоджия,Во двор,Евроремонт,2015.0,Монолитно-кирпичный,Нет,
127,298127292,12/2/2024  12:58,21/02/2024 23:17,https://spb.cian.ru/rent/flat/298127292/,Ленобласть,4,9,1,23.0,739,17000,Всеволожский, Ясная,16к1,,1,1,0,0,1,0,0,1,0,1,15.0,3.0,2.7,,1.0,1 лоджия,,Евроремонт,2020.0,Монолитный,Нет,Открытая
128,298113798,21/02/2024  22:07,21/02/2024 23:18,https://spb.cian.ru/rent/flat/298113798/,Ленобласть,17,22,1,26.0,961,25000,Всеволожский, Столичная,6к3,Улица Дыбенко,1,1,1,0,1,0,0,1,1,1,18.0,5.0,1.0,,1.0,1 балкон,Во двор,Косметический,2016.0,Монолитный,Нет,Наземная
129,298108663,4/2/2024  15:35,21/02/2024 23:18,https://spb.cian.ru/rent/flat/298108663/,Ленобласть,10,15,1,30.0,533,16000,Всеволожский, Тихая,17,,0,0,0,1,0,0,0,0,0,0,20.5,,,,1.0,1 балкон,Во двор,Евроремонт,2023.0,,Нет,Многоуровневая
130,298108308,20/02/2024  19:54,21/02/2024 23:19,https://spb.cian.ru/rent/flat/298108308/,Ленобласть,8,8,1,23.4,1025,24000,Ломоносовский, Центральная,18,,1,1,1,0,1,0,0,1,1,1,17.3,,,,1.0,1 балкон,На улицу,Евроремонт,,,,Наземная
131,298086486,3/2/2024  14:38,21/02/2024 23:20,https://spb.cian.ru/rent/flat/298086486/,Ленобласть,3,8,1,26.0,653,17000,Всеволожский, Ясная,17к2,,0,0,0,1,0,0,0,1,0,0,14.0,5.0,2.7,,1.0,1 балкон,На улицу,Евроремонт,2023.0,,Нет,Подземная
132,298075087,16/2/2024  18:10,21/02/2024 23:21,https://spb.cian.ru/rent/flat/298075087/,Ленобласть,2,8,1,23.0,652,15000,Всеволожский,Центральная ,14к4,Проспект Просвещения,1,1,0,1,0,0,0,1,0,1,14.0,,2.7,,1.0,,,Косметический,,Монолитно-кирпичный,,
133,298070734,9/2/2024  12:33,21/02/2024 23:21,https://spb.cian.ru/rent/flat/298070734/,Ленобласть,2,4,1,24.0,958,23000,Гатчинский, Кутышева,9Вк10,,1,1,0,0,1,0,0,0,1,1,15.0,5.0,,,1.0,,На улицу,Евроремонт,2023.0,,Нет,Наземная
134,298054542,14/2/2024  13:03,21/02/2024 23:22,https://spb.cian.ru/rent/flat/298054542/,Ленобласть,7,18,1,20.4,882,18000,Всеволожский,бульвар Воронцовский,17,Девяткино,1,1,1,0,1,0,0,0,1,1,,,,,1.0,1 лоджия,На улицу,Косметический,2018.0,Монолитный,Нет,
135,298053884,19/2/2024  15:08,21/02/2024 23:23,https://spb.cian.ru/rent/flat/298053884/,Ленобласть,4,19,1,20.49,927,19000,Всеволожский,бульвар Воронцовский,19к1,Девяткино,1,1,1,0,1,0,0,1,0,1,15.5,,,,1.0,1 лоджия,,Дизайнерский,2021.0,Монолитный,Нет,
136,298053877,14/2/2024  13:28,21/02/2024 23:24,https://spb.cian.ru/rent/flat/298053877/,Ленобласть,9,22,1,23.15,907,21000,Всеволожский, Екатерининская,17,Девяткино,1,1,0,0,1,0,0,0,0,1,15.8,,,,1.0,1 лоджия,,Евроремонт,2021.0,Монолитный,Нет,
137,298051142,20/02/2024  18:27,21/02/2024 23:25,https://spb.cian.ru/rent/flat/298051142/,Ленобласть,1,12,1,24.0,708,17000,Ломоносовский, Уланская,5,,1,1,0,1,1,0,0,0,0,1,15.0,4.0,2.8,,1.0,,Во двор,Косметический,2016.0,Монолитный,Нет,
138,298042875,19/2/2024  12:44,21/02/2024 23:26,https://spb.cian.ru/rent/flat/298042875/,Ленобласть,12,19,1,27.0,814,22000,Всеволожский, Шоссе в Лаврики,72к3,Девяткино,1,1,0,1,1,0,0,1,0,1,14.0,,2.5,,1.0,1 лоджия,Во двор,Косметический,2022.0,Монолитный,Нет,Наземная
139,298034282,15/2/2024  13:08,21/02/2024 23:27,https://spb.cian.ru/rent/flat/298034282/,Ленобласть,2,20,1,25.0,680,17000,Всеволожский, Шувалова,19к2,Девяткино,1,1,1,0,1,0,0,0,1,1,15.0,5.0,,,1.0,1 балкон,,Косметический,2019.0,Монолитный,Нет,
140,298026791,16/2/2024  18:10,21/02/2024 23:27,https://spb.cian.ru/rent/flat/298026791/,Ленобласть,3,10,1,25.0,720,18000,Кировский, Гагарина,20,Рыбацкое,1,1,1,1,0,0,0,0,0,1,,,,,1.0,,,Косметический,2014.0,,Нет,
141,298025359,16/2/2024  13:53,21/02/2024 23:28,https://spb.cian.ru/rent/flat/298025359/,Ленобласть,9,13,1,28.0,714,20000,Всеволожский, Столичная,5к1,Улица Дыбенко,1,1,0,0,1,0,0,1,1,1,17.0,6.0,,,1.0,1 лоджия,На улицу,Косметический,2015.0,,Нет,Наземная
142,298019900,19/2/2024  12:13,21/02/2024 23:29,https://spb.cian.ru/rent/flat/298019900/,Ленобласть,8,21,1,26.0,692,18000,Всеволожский, Арсенальная,7,,1,1,0,0,1,0,0,1,1,1,,,,,1.0,1 лоджия,,Косметический,2015.0,Панельный,Нет,Наземная
143,298018996,1/2/2024  20:26,21/02/2024 23:30,https://spb.cian.ru/rent/flat/298018996/,Ленобласть,10,16,1,29.55,507,15000,Всеволожский, Тихая,19,,0,0,0,0,0,0,0,0,0,0,27.0,,,,1.0,1 балкон,Во двор,Косметический,2023.0,,Нет,
144,297994596,20/02/2024  11:08,21/02/2024 23:30,https://spb.cian.ru/rent/flat/297994596/,Ленобласть,2,18,1,29.7,942,28000,Всеволожский, Ленинградская,3,Улица Дыбенко,1,1,1,0,1,0,0,0,1,1,17.0,3.0,2.7,,1.0,1 лоджия,На улицу,Косметический,2012.0,Кирпичный,Нет,Наземная
145,297982453,20/02/2024  08:58,21/02/2024 23:31,https://spb.cian.ru/rent/flat/297982453/,Ленобласть,9,14,1,33.0,545,18000,Всеволожский, Шоссе в Лаврики,67,Девяткино,1,1,1,0,1,0,0,0,1,1,20.0,5.0,2.6,,1.0,,Во двор,Косметический,2021.0,,Нет,Наземная
146,297970456,11/2/2024  08:36,21/02/2024 23:32,https://spb.cian.ru/rent/flat/297970456/,Ленобласть,5,19,1,19.6,1173,23000,Всеволожский,бульвар Воронцовский,21к3,Девяткино,1,1,0,0,1,0,0,1,1,1,14.3,2.0,,,1.0,1 лоджия,На улицу и двор,Евроремонт,2022.0,Монолитный,Нет,Наземная
147,297959513,21/02/2024  18:41,21/02/2024 23:32,https://spb.cian.ru/rent/flat/297959513/,Ленобласть,8,14,1,22.5,888,20000,Всеволожский,Оборонная ,37к2,Девяткино,1,1,1,0,1,0,0,1,1,1,17.0,,,,,1 лоджия,Во двор,Косметический,2018.0,Монолитный,Нет,
148,297949968,21/02/2024  01:00,21/02/2024 23:33,https://spb.cian.ru/rent/flat/297949968/,Ленобласть,9,15,1,24.0,833,20001,Всеволожский, Пражская,11,Улица Дыбенко,1,1,0,1,1,0,0,0,0,0,,5.0,2.7,,1.0,1 лоджия,На улицу и двор,Косметический,2016.0,Кирпичный,Нет,Наземная
149,297946375,4/2/2024  18:51,21/02/2024 23:34,https://spb.cian.ru/rent/flat/297946375/,Ленобласть,6,8,1,21.4,771,16500,Всеволожский, Ясная,17к2,,1,1,0,0,1,0,0,0,1,1,,,2.7,,1.0,1 лоджия,Во двор,Евроремонт,2023.0,,Нет,Наземная
150,297913251,20/02/2024  12:24,21/02/2024 23:35,https://spb.cian.ru/rent/flat/297913251/,Ленобласть,8,15,1,23.7,928,22000,Всеволожский, Столичная,5к2,Улица Дыбенко,1,1,0,0,1,0,1,1,1,1,,,,,1.0,1 лоджия,На улицу,Евроремонт,2015.0,Кирпичный,Нет,Наземная
151,297907984,20/02/2024  18:27,21/02/2024 23:36,https://spb.cian.ru/rent/flat/297907984/,Ленобласть,11,16,1,25.0,800,20000,Ломоносовский, Современников,1к3,,1,1,1,0,1,0,0,1,1,1,12.0,5.0,2.6,,1.0,1 балкон,Во двор,Косметический,2022.0,,Нет,
152,297889880,21/02/2024  18:41,21/02/2024 23:36,https://spb.cian.ru/rent/flat/297889880/,Ленобласть,12,12,1,28.1,818,23000,Ломоносовский, Парадная,2/13,,1,1,0,1,1,0,0,1,0,1,13.2,6.8,,,,1 балкон,Во двор,Евроремонт,2023.0,,Нет,
153,297867161,20/02/2024  21:35,21/02/2024 23:37,https://spb.cian.ru/rent/flat/297867161/,Ленобласть,5,20,1,25.0,800,20000,Всеволожский,бульвар Петровский,12к2,Девяткино,1,1,1,1,1,0,0,1,0,1,,,,,1.0,1 лоджия,,Евроремонт,2017.0,,Нет,Наземная
154,297857077,20/02/2024  17:54,21/02/2024 23:38,https://spb.cian.ru/rent/flat/297857077/,Ленобласть,6,21,1,26.3,836,22000,Всеволожский, Тихая,3к1,,1,1,1,1,1,0,0,1,0,1,16.9,,,,1.0,1 балкон,Во двор,Евроремонт,2023.0,,Нет,
155,297853167,19/2/2024  12:17,21/02/2024 23:39,https://spb.cian.ru/rent/flat/297853167/,Ленобласть,18,25,1,24.2,909,22000,Всеволожский, Венская,4к1,Улица Дыбенко,1,1,1,0,1,0,0,1,1,1,18.0,,,,1.0,1 лоджия,На улицу,Косметический,2014.0,Монолитный,Нет,Наземная
156,297815463,20/02/2024  11:12,21/02/2024 23:40,https://spb.cian.ru/rent/flat/297815463/,Ленобласть,11,25,1,25.0,840,21000,Всеволожский,проспект Строителей,20к1,Улица Дыбенко,1,1,1,0,1,0,0,0,1,1,,,,,1.0,1 лоджия,На улицу,Евроремонт,2017.0,,Нет,
157,297813581,19/2/2024  12:42,21/02/2024 23:42,https://spb.cian.ru/rent/flat/297813581/,Ленобласть,18,18,1,27.0,851,23000,Всеволожский,проезд Западный,15к1,,1,1,0,0,0,0,0,0,0,0,,,,,1.0,1 лоджия,На улицу,Косметический,2015.0,,Нет,Открытая
158,297805830,18/2/2024  07:53,21/02/2024 23:43,https://spb.cian.ru/rent/flat/297805830/,Ленобласть,4,25,1,25.0,1040,26000,Всеволожский,Мурино,3к3,Девяткино,1,1,1,1,1,1,0,1,0,1,17.0,5.0,2.7,,1.0,1 балкон,Во двор,Евроремонт,2015.0,Панельный,Нет,
159,297796211,20/02/2024  12:01,21/02/2024 23:43,https://spb.cian.ru/rent/flat/297796211/,Ленобласть,10,12,1,24.2,743,18000,Всеволожский, Солнечная,,Улица Дыбенко,0,0,0,1,0,0,0,0,0,0,15.0,,3.0,,1.0,1 лоджия,Во двор,Евроремонт,,,,Наземная
160,297788056,5/2/2024  12:33,21/02/2024 23:44,https://spb.cian.ru/rent/flat/297788056/,Ленобласть,7,9,1,20.0,1150,23000,Всеволожский, Заневская,11,,1,1,1,0,1,0,0,1,1,1,10.0,8.0,2.7,,1.0,1 лоджия,Во двор,Евроремонт,2018.0,Блочный,Нет,Наземная
161,297749202,19/2/2024  16:39,21/02/2024 23:45,https://spb.cian.ru/rent/flat/297749202/,Ленобласть,10,23,1,31.5,793,25000,Всеволожский, Графская,4,,0,0,0,0,0,0,0,0,0,0,10.4,12.4,2.7,,,,,Евроремонт,2020.0,Блочный,Нет,
162,297743470,20/02/2024  10:17,21/02/2024 23:46,https://spb.cian.ru/rent/flat/297743470/,Ленобласть,7,9,1,24.7,809,20000,Всеволожский, Центральная,54к2,Улица Дыбенко,1,1,1,0,1,0,0,1,1,1,17.0,,2.6,,1.0,1 лоджия,Во двор,Косметический,2013.0,Монолитный,Нет,
163,297691851,6/2/2024  22:49,21/02/2024 23:46,https://spb.cian.ru/rent/flat/297691851/,Ленобласть,4,15,1,21.0,1000,21000,Всеволожский, Английская,2,Улица Дыбенко,1,1,1,0,1,0,0,1,1,1,16.0,,,,1.0,"1 лоджия, 1 балкон",Во двор,Евроремонт,2019.0,Монолитный,Нет,Наземная
164,297689945,21/02/2024  17:06,21/02/2024 23:47,https://spb.cian.ru/rent/flat/297689945/,Ленобласть,10,16,1,20.4,1372,28000,Всеволожский, Пражская,4,Улица Дыбенко,1,1,1,0,1,0,0,1,1,1,13.9,,2.7,,1.0,1 лоджия,Во двор,Евроремонт,2020.0,Монолитно-кирпичный,Нет,Наземная
165,297682916,20/02/2024  18:27,21/02/2024 23:48,https://spb.cian.ru/rent/flat/297682916/,Ленобласть,7,8,1,24.8,725,18000,Всеволожский, Ясная,11,,1,1,1,1,1,0,0,1,0,1,14.0,5.0,,,1.0,1 лоджия,Во двор,Косметический,2018.0,Монолитный,Нет,
166,297671584,16/2/2024  13:59,21/02/2024 23:49,https://spb.cian.ru/rent/flat/297671584/,Ленобласть,2,12,1,25.0,880,22000,Всеволожский,бульвар Петровский,14к3,Девяткино,1,1,1,0,1,0,0,1,0,1,15.0,5.0,2.7,,1.0,1 лоджия,На улицу,Дизайнерский,2018.0,Монолитный,Нет,Открытая
167,297668593,15/2/2024  09:35,21/02/2024 23:49,https://spb.cian.ru/rent/flat/297668593/,Ленобласть,13,25,1,26.0,1153,30000,Всеволожский,аллея Охтинская,16,Девяткино,1,1,1,0,1,0,0,1,1,1,16.0,,,,1.0,1 балкон,Во двор,Косметический,2016.0,,Нет,Наземная
168,297649570,21/02/2024  22:28,21/02/2024 23:50,https://spb.cian.ru/rent/flat/297649570/,Ленобласть,18,18,1,23.0,1000,23000,Всеволожский,проспект Авиаторов Балтики,29к2,Девяткино,1,1,0,0,1,0,0,1,1,1,14.0,,2.6,,1.0,1 лоджия,Во двор,Евроремонт,2023.0,Монолитный,Нет,Наземная
169,297633829,21/02/2024  19:13,21/02/2024 23:51,https://spb.cian.ru/rent/flat/297633829/,Ленобласть,9,19,1,20.0,995,19900,Всеволожский, Шоссе в Лаврики,95,Девяткино,1,1,1,0,1,0,0,0,0,1,12.0,3.0,,,1.0,,,Дизайнерский,2023.0,,Нет,
170,297621099,13/2/2024  20:16,21/02/2024 23:52,https://spb.cian.ru/rent/flat/297621099/,Ленобласть,10,22,1,31.0,709,22000,Всеволожский, Шувалова,1,Девяткино,1,1,0,0,1,0,0,1,1,1,,,2.7,,1.0,1 лоджия,Во двор,Косметический,2014.0,Монолитно-кирпичный,Нет,
171,297564400,21/02/2024  22:58,21/02/2024 23:52,https://spb.cian.ru/rent/flat/297564400/,Ленобласть,12,17,1,25.2,873,22000,Ломоносовский, Современников,1к1,,1,1,1,0,1,0,0,0,1,1,20.0,2.0,2.6,,1.0,1 балкон,На улицу,Евроремонт,2022.0,,Нет,
172,297494554,21/02/2024  21:40,21/02/2024 23:53,https://spb.cian.ru/rent/flat/297494554/,Ленобласть,13,15,1,28.0,892,25000,Всеволожский, Столичная,5к2,Улица Дыбенко,1,1,0,0,1,0,0,0,1,1,,,,,1.0,1 балкон,Во двор,Дизайнерский,2015.0,Кирпичный,Нет,
173,297490341,9/2/2024  18:36,21/02/2024 23:54,https://spb.cian.ru/rent/flat/297490341/,Ленобласть,2,18,1,21.0,619,13000,Тосненский,Первомайская ,17к1,,1,1,1,1,1,0,0,0,0,1,,,,,1.0,,,Косметический,2012.0,Кирпичный,Нет,
174,297367361,15/2/2024  14:22,21/02/2024 23:55,https://spb.cian.ru/rent/flat/297367361/,Ленобласть,12,18,1,23.0,913,21000,Всеволожский,проспект Авиаторов Балтики,25,Девяткино,1,1,1,0,0,0,0,1,1,1,14.1,,2.6,,1.0,1 лоджия,На улицу,Дизайнерский,2022.0,Монолитный,Нет,Наземная
175,297358382,17/1/2024  14:28,21/02/2024 23:55,https://spb.cian.ru/rent/flat/297358382/,Ленобласть,14,24,1,25.0,1000,25000,Всеволожский,проспект Авиаторов Балтики,5,Девяткино,1,1,1,0,1,0,0,1,1,1,12.0,7.0,2.7,,1.0,1 лоджия,На улицу,Евроремонт,2015.0,Монолитный,Нет,Наземная
176,297345180,19/2/2024  15:19,21/02/2024 23:56,https://spb.cian.ru/rent/flat/297345180/,Ленобласть,17,18,1,25.0,1000,25000,Всеволожский, Австрийская,4к1,Улица Дыбенко,1,1,0,0,1,0,0,1,0,1,15.0,,,,1.0,1 лоджия,Во двор,Евроремонт,2015.0,Монолитный,Нет,Открытая
177,297329139,19/2/2024  21:49,21/02/2024 23:57,https://spb.cian.ru/rent/flat/297329139/,Ленобласть,6,18,1,24.0,916,22000,Всеволожский,проспект Ручьевский,2,Девяткино,1,1,0,0,1,1,0,1,1,1,17.0,4.0,2.6,,1.0,1 балкон,Во двор,Евроремонт,2021.0,Монолитный,Нет,Наземная
178,297320664,21/02/2024  16:46,21/02/2024 23:58,https://spb.cian.ru/rent/flat/297320664/,Ленобласть,8,12,1,21.0,952,20000,Всеволожский, Шувалова,20к2,Девяткино,1,1,0,0,1,0,0,1,0,1,14.0,2.0,2.7,,1.0,1 балкон,Во двор,Косметический,2022.0,,Нет,Наземная
179,297318781,15/2/2024  17:10,21/02/2024 23:58,https://spb.cian.ru/rent/flat/297318781/,Ленобласть,4,19,1,23.0,652,15000,Всеволожский,бульвар Воронцовский,19к1,Девяткино,1,1,0,1,1,0,0,0,0,0,15.0,4.0,2.7,,1.0,1 лоджия,Во двор,Косметический,2021.0,Монолитный,Нет,
180,297297270,14/2/2024  16:17,21/02/2024 23:59,https://spb.cian.ru/rent/flat/297297270/,Ленобласть,6,8,1,23.8,588,14000,Ломоносовский, Центральная,18,,0,0,0,0,0,0,0,0,0,0,17.7,,,,,,,Без ремонта,,Панельный,,
181,297229398,14/2/2024  09:58,22/02/2024 00:00,https://spb.cian.ru/rent/flat/297229398/,Ленобласть,18,18,1,27.0,1148,31000,Всеволожский,проезд Скандинавский,8к2,Девяткино,1,0,1,0,0,0,0,0,0,0,,,,,1.0,1 лоджия,Во двор,Косметический,2017.0,Панельный,Нет,Открытая
182,297176118,11/2/2024  12:33,22/02/2024 00:01,https://spb.cian.ru/rent/flat/297176118/,Ленобласть,7,16,1,26.0,1153,30000,Всеволожский,бульвар Петровский,7,Девяткино,1,1,1,1,1,0,0,1,0,1,20.0,,2.7,,,1 балкон,,Евроремонт,2016.0,,Нет,
183,297163416,11/2/2024  15:26,22/02/2024 00:02,https://spb.cian.ru/rent/flat/297163416/,Ленобласть,23,25,1,25.0,1240,31000,Всеволожский,Мурино,3к3,Девяткино,1,1,1,0,0,0,0,0,0,0,,,,,1.0,1 лоджия,Во двор,Косметический,2015.0,Панельный,Нет,Открытая
184,297160080,19/2/2024  14:42,22/02/2024 00:02,https://spb.cian.ru/rent/flat/297160080/,Ленобласть,10,12,1,26.8,970,26000,Всеволожский, Центральная,8к1,Улица Дыбенко,1,1,0,0,1,0,0,1,1,1,19.4,,,,1.0,1 балкон,,Евроремонт,2023.0,Панельный,Нет,
185,297011971,14/2/2024  10:21,22/02/2024 00:03,https://spb.cian.ru/rent/flat/297011971/,Ленобласть,10,25,1,24.7,769,19000,Всеволожский,аллея Охтинская,16,Девяткино,1,1,0,0,1,0,0,0,1,1,,,,,1.0,1 лоджия,Во двор,Евроремонт,2016.0,,Нет,Наземная
186,297007546,15/2/2024  17:17,22/02/2024 00:04,https://spb.cian.ru/rent/flat/297007546/,Ленобласть,3,4,1,31.0,645,20000,Всеволожский, Любимая,3,,1,1,1,0,1,0,0,1,0,1,21.0,5.0,2.8,,1.0,1 лоджия,,Евроремонт,2016.0,Блочный,Нет,
187,296781148,16/2/2024  15:20,22/02/2024 00:05,https://spb.cian.ru/rent/flat/296781148/,Ленобласть,4,11,1,25.0,680,17000,Кировский, Гагарина,20,,1,1,1,0,1,0,0,1,0,1,16.0,4.0,,,1.0,1 лоджия,,Косметический,2014.0,,Нет,Открытая
188,296771788,24/1/2024  13:17,22/02/2024 00:06,https://spb.cian.ru/rent/flat/296771788/,Ленобласть,13,19,1,28.0,642,18000,Всеволожский, Шоссе в Лаврики,64к1,Девяткино,0,0,0,1,0,0,0,0,0,0,20.5,,,,1.0,1 балкон,Во двор,Евроремонт,2022.0,Монолитный,Нет,Наземная
189,296719284,20/2/2024  14:15,22/02/2024 00:06,https://spb.cian.ru/rent/flat/296719284/,Ленобласть,15,20,1,24.3,946,23000,Всеволожский,проспект Ручьевский,17к1,Девяткино,1,1,1,0,1,0,0,1,1,1,,,,,1.0,1 балкон,Во двор,Евроремонт,2022.0,Кирпичный,Нет,Наземная
190,296712664,13/2/2024  17:18,22/02/2024 00:07,https://spb.cian.ru/rent/flat/296712664/,Ленобласть,17,18,1,26.2,725,19000,Всеволожский, Тихая,3к1,,1,0,1,1,1,0,0,0,0,1,15.0,3.5,2.7,,1.0,1 лоджия,На улицу,Евроремонт,2023.0,,Нет,Подземная
191,296697079,13/2/2024  19:47,22/02/2024 00:08,https://spb.cian.ru/rent/flat/296697079/,Ленобласть,14,17,1,20.1,995,20000,Всеволожский,бульвар Воронцовский,19к1,Девяткино,1,1,1,0,1,0,0,1,0,1,,,2.7,,,1 балкон,На улицу,Евроремонт,2021.0,Монолитный,Нет,
192,296694414,13/2/2024  19:07,22/02/2024 00:09,https://spb.cian.ru/rent/flat/296694414/,Ленобласть,14,19,1,23.0,869,20000,Всеволожский,бульвар Воронцовский,21к1,Девяткино,1,1,1,0,1,0,0,1,0,1,16.0,2.0,2.7,,1.0,,Во двор,Евроремонт,2022.0,Монолитный,Нет,Открытая
193,296679724,3/2/2024  10:46,22/02/2024 00:10,https://spb.cian.ru/rent/flat/296679724/,Ленобласть,8,12,1,24.0,958,23000,Ломоносовский, Центральная,10к2,,1,1,1,1,1,0,0,1,0,1,,,2.7,,1.0,,Во двор,Евроремонт,2020.0,Панельный,Нет,
194,296602957,19/2/2024  23:30,22/02/2024 00:10,https://spb.cian.ru/rent/flat/296602957/,Ленобласть,6,12,1,27.0,555,15000,Ломоносовский,Аннинское городское поселение,1,,0,0,0,0,0,0,0,0,1,0,13.0,6.0,,,1.0,1 балкон,На улицу,Евроремонт,,,,Наземная
195,296597688,20/2/2024  13:23,22/02/2024 00:11,https://spb.cian.ru/rent/flat/296597688/,Ленобласть,1,3,1,35.0,1857,65000,Всеволожский,проезд Спортивный,25,,0,0,0,0,0,0,0,0,0,0,,,,,,,,Косметический,,,,
196,296546917,18/2/2024  10:14,22/02/2024 00:12,https://spb.cian.ru/rent/flat/296546917/,Ленобласть,13,17,1,23.6,974,23000,Всеволожский,бульвар Менделеева,9к1,,1,1,1,1,1,0,1,0,0,1,15.0,3.0,2.7,,1.0,1 лоджия,На улицу,Косметический,2015.0,Кирпичный,Нет,
197,296344216,21/02/2024  16:45,22/02/2024 00:13,https://spb.cian.ru/rent/flat/296344216/,Ленобласть,25,25,1,28.0,1071,30000,Всеволожский, Английская,3к4,Улица Дыбенко,1,1,0,0,1,0,1,1,1,1,,,,,1.0,1 лоджия,Во двор,Дизайнерский,2018.0,,Нет,Наземная
198,296315835,18/2/2024  19:25,22/02/2024 00:14,https://spb.cian.ru/rent/flat/296315835/,Ленобласть,9,20,1,21.2,943,20000,Всеволожский, Пражская,15,Улица Дыбенко,1,1,0,0,1,0,0,0,1,1,,,2.7,,1.0,1 лоджия,Во двор,Косметический,2017.0,Монолитный,Нет,
199,296191551,15/2/2024  12:25,22/02/2024 00:14,https://spb.cian.ru/rent/flat/296191551/,Ленобласть,4,4,1,23.3,557,13000,Всеволожский, Мира,2,,0,0,0,0,0,0,0,0,0,0,15.7,,,,1.0,1 лоджия,На улицу и двор,Косметический,,Монолитно-кирпичный,,
200,296189234,2/2/2024  13:24,22/02/2024 00:15,https://spb.cian.ru/rent/flat/296189234/,Ленобласть,9,20,1,30.0,663,19900,Всеволожский, Тихая,13к3,,0,0,0,0,0,0,0,1,1,0,20.0,5.0,2.9,,1.0,1 лоджия,На улицу и двор,Евроремонт,2023.0,,Нет,Многоуровневая
201,295968385,21/02/2024  14:27,22/02/2024 00:16,https://spb.cian.ru/rent/flat/295968385/,Ленобласть,10,20,1,25.5,784,20000,Всеволожский,бульвар Менделеева,13,Девяткино,1,1,0,1,0,0,0,1,0,0,,,2.7,,1.0,1 балкон,,Косметический,2015.0,,Нет,Наземная
202,295910966,21/02/2024  12:55,22/02/2024 00:17,https://spb.cian.ru/rent/flat/295910966/,Ленобласть,6,15,1,24.0,958,23000,Всеволожский, Пражская,13,Улица Дыбенко,1,1,1,0,1,0,0,1,1,1,15.0,,2.7,,1.0,1 лоджия,Во двор,Евроремонт,2017.0,Монолитно-кирпичный,Нет,Наземная
203,295882910,18/2/2024  20:43,22/02/2024 00:17,https://spb.cian.ru/rent/flat/295882910/,Ленобласть,4,25,1,26.0,846,22000,Всеволожский,бульвар Менделеева,3,Девяткино,1,1,0,1,1,0,0,1,0,1,14.0,4.0,2.7,,,1 лоджия,Во двор,Косметический,2016.0,Монолитный,Нет,Наземная
204,295819523,19/2/2024  22:09,22/02/2024 00:18,https://spb.cian.ru/rent/flat/295819523/,Ленобласть,15,21,1,25.0,760,19000,Всеволожский, Столичная,6к3,Улица Дыбенко,1,1,0,0,1,0,0,1,1,1,,,2.8,,1.0,1 лоджия,Во двор,Косметический,2016.0,Монолитный,Нет,Наземная
205,295721087,11/2/2024  11:41,22/02/2024 00:19,https://spb.cian.ru/rent/flat/295721087/,Ленобласть,3,23,1,26.5,679,18000,Всеволожский, Тихая,5к1,,1,1,0,0,1,1,0,1,1,1,18.0,,2.7,,1.0,,Во двор,Евроремонт,2023.0,,Нет,Наземная
206,295689852,15/2/2024  15:34,22/02/2024 00:20,https://spb.cian.ru/rent/flat/295689852/,Ленобласть,15,20,1,25.0,920,23000,Всеволожский,проспект Авиаторов Балтики,25,Девяткино,1,1,1,1,1,0,0,1,0,1,17.0,8.0,2.7,,1.0,1 лоджия,,Косметический,2022.0,Монолитный,Нет,
207,294790444,16/2/2024  19:33,22/02/2024 00:21,https://spb.cian.ru/rent/flat/294790444/,Ленобласть,8,15,1,28.0,607,17000,Всеволожский, Тихая,17,,1,1,0,0,1,0,0,0,0,1,,,,,1.0,1 лоджия,,Евроремонт,2023.0,,Нет,
208,294656188,20/2/2024  21:01,22/02/2024 00:21,https://spb.cian.ru/rent/flat/294656188/,Ленобласть,5,17,1,20.1,1094,22000,Всеволожский,бульвар Воронцовский,16к2,Девяткино,1,1,1,0,1,0,0,0,1,1,14.5,,,,,1 балкон,,Евроремонт,2020.0,Монолитный,Нет,
209,294118402,18/2/2024  12:35,22/02/2024 00:22,https://spb.cian.ru/rent/flat/294118402/,Ленобласть,8,12,1,30.0,766,23000,Всеволожский, Шекспира,1,,1,1,1,0,1,1,0,0,1,1,26.0,,,,1.0,1 балкон,На улицу,Дизайнерский,,Монолитный,,
210,294109592,15/2/2024  12:25,22/02/2024 00:23,https://spb.cian.ru/rent/flat/294109592/,Ленобласть,2,15,1,25.0,680,17000,Всеволожский,проезд Гаражный,23к1,,1,1,0,0,1,0,0,0,0,1,,,,,,,,Косметический,2022.0,,Нет,
211,294000803,13/2/2024  21:55,22/02/2024 00:24,https://spb.cian.ru/rent/flat/294000803/,Ленобласть,4,4,1,22.0,681,15000,Всеволожский, Пограничная,4к2,Проспект Просвещения,1,1,1,1,1,0,0,0,0,1,,,2.7,,,,,Косметический,2018.0,Кирпичный,Нет,
212,293906779,14/2/2024  10:00,22/02/2024 00:24,https://spb.cian.ru/rent/flat/293906779/,Ленобласть,2,9,1,30.0,666,20000,Гатчина, Чехова,43к1,,1,1,0,0,1,0,0,1,1,1,,,,,,1 лоджия,,Евроремонт,2020.0,Панельный,Нет,
213,293557627,18/2/2024  17:07,22/02/2024 00:25,https://spb.cian.ru/rent/flat/293557627/,Ленобласть,1,18,1,18.0,1000,18000,Всеволожский, Шоссе в Лаврики,70к1,Девяткино,1,1,0,0,1,0,0,1,1,1,12.0,5.0,,,1.0,,Во двор,Евроремонт,2021.0,,Нет,
214,292480943,19/2/2024  19:56,22/02/2024 00:26,https://spb.cian.ru/rent/flat/292480943/,Ленобласть,9,19,1,22.0,795,17500,Всеволожский,бульвар Воронцовский,17,Девяткино,1,1,1,0,1,0,0,0,1,1,14.0,6.0,,,1.0,1 лоджия,Во двор,Евроремонт,2018.0,Монолитный,Нет,
215,292465643,8/2/2024  02:24,22/02/2024 00:27,https://spb.cian.ru/rent/flat/292465643/,Ленобласть,1,4,1,23.5,723,17000,Гатчинский, Кутышева,,,0,0,0,1,0,0,0,0,0,0,14.0,9.0,3.2,,,,,Евроремонт,,Монолитно-кирпичный,,Наземная
216,292423190,20/2/2024  13:05,22/02/2024 00:28,https://spb.cian.ru/rent/flat/292423190/,Ленобласть,7,17,1,28.0,964,27000,Всеволожский,бульвар Петровский,14к3,Девяткино,1,1,1,1,1,0,0,0,0,1,28.0,,,,1.0,1 лоджия,Во двор,Евроремонт,2018.0,Монолитный,Нет,
217,292309196,21/02/2024  11:59,22/02/2024 00:28,https://spb.cian.ru/rent/flat/292309196/,Ленобласть,6,12,1,26.0,846,22000,Всеволожский,проспект Европейский,13к6,Улица Дыбенко,1,1,1,0,1,0,0,0,1,1,20.0,6.0,2.7,,1.0,1 балкон,,Евроремонт,2017.0,Монолитный,Нет,Наземная
218,292249554,16/2/2024  13:03,22/02/2024 00:29,https://spb.cian.ru/rent/flat/292249554/,Ленобласть,15,20,1,22.0,909,20000,Всеволожский, Графская,11,Девяткино,1,1,0,0,1,0,0,1,1,1,,,,,1.0,1 балкон,На улицу,Косметический,2019.0,Монолитный,Нет,Наземная
219,292014061,21/02/2024  16:45,22/02/2024 00:30,https://spb.cian.ru/rent/flat/292014061/,Ленобласть,2,26,1,28.0,714,20000,Всеволожский,проспект Европейский,11,Улица Дыбенко,1,1,0,1,1,0,0,1,0,1,18.0,4.0,2.8,,1.0,1 лоджия,,Косметический,2014.0,,Нет,
220,291850067,13/2/2024  13:24,22/02/2024 00:31,https://spb.cian.ru/rent/flat/291850067/,Ленобласть,3,5,1,24.9,843,21000,Всеволожский, Мира,9к1,Озерки,1,1,0,0,1,0,0,1,1,1,22.0,,,,1.0,1 балкон,Во двор,Евроремонт,2023.0,Монолитный,Нет,
221,291707600,18/2/2024  12:24,22/02/2024 00:31,https://spb.cian.ru/rent/flat/291707600/,Ленобласть,6,13,1,23.8,840,20000,Всеволожский,Оборонная ,37к1,Девяткино,1,1,0,0,1,0,0,0,0,1,17.5,,2.7,,1.0,1 лоджия,,Косметический,2017.0,Монолитный,Нет,
222,291409063,17/2/2024  14:59,22/02/2024 00:32,https://spb.cian.ru/rent/flat/291409063/,Ленобласть,12,16,1,22.0,863,19000,Всеволожский, Английская,2,Улица Дыбенко,1,1,1,0,1,0,0,1,1,1,,,2.6,,1.0,1 лоджия,Во двор,Косметический,2019.0,Монолитный,Нет,Наземная
223,291348650,18/2/2024  19:45,22/02/2024 00:33,https://spb.cian.ru/rent/flat/291348650/,Ленобласть,1,3,1,29.0,775,22500,Всеволожский, Тенистая,9,,1,1,0,1,1,1,0,1,0,1,26.5,,2.8,,,,,Евроремонт,2018.0,Блочный,Нет,
224,291344580,20/2/2024  15:48,22/02/2024 00:34,https://spb.cian.ru/rent/flat/291344580/,Ленобласть,17,19,1,22.7,1057,24000,Всеволожский,бульвар Воронцовский,21к3,Девяткино,1,1,1,1,1,0,0,0,0,1,17.0,4.5,2.7,,1.0,1 лоджия,На улицу,Дизайнерский,2022.0,Монолитный,Нет,Подземная
225,291153522,15/2/2024  19:04,22/02/2024 00:35,https://spb.cian.ru/rent/flat/291153522/,Ленобласть,17,20,1,27.0,666,18000,Всеволожский, Шувалова,19к2,,1,1,0,0,1,0,0,0,0,1,18.0,,,,1.0,1 лоджия,Во двор,Косметический,2019.0,Монолитный,Нет,
226,291069577,21/02/2024  17:50,22/02/2024 00:35,https://spb.cian.ru/rent/flat/291069577/,Ленобласть,14,15,1,21.4,1261,27000,Всеволожский,бульвар Петровский,7,Девяткино,1,1,0,0,1,0,0,1,1,1,16.0,5.0,2.7,,1.0,1 балкон,Во двор,Евроремонт,2016.0,,Нет,Подземная
227,290729119,4/1/2024  21:44,22/02/2024 00:36,https://spb.cian.ru/rent/flat/290729119/,Ленобласть,14,14,1,26.0,961,25000,Всеволожский, Графская,8,Девяткино,1,1,1,0,1,0,0,1,1,1,16.0,7.0,,,1.0,1 лоджия,Во двор,Евроремонт,2017.0,Блочный,Нет,
228,290454477,20/2/2024  08:47,22/02/2024 00:37,https://spb.cian.ru/rent/flat/290454477/,Ленобласть,17,23,1,25.8,852,22000,Всеволожский, Шувалова,9,Девяткино,1,1,1,0,1,0,0,1,1,1,,,2.7,,1.0,1 лоджия,,Евроремонт,2016.0,,Нет,
229,289979728,17/2/2024  19:48,22/02/2024 00:38,https://spb.cian.ru/rent/flat/289979728/,Ленобласть,4,19,1,21.0,714,15000,Всеволожский,бульвар Воронцовский,21к3,Девяткино,0,1,0,0,0,0,0,0,1,0,,,,,1.0,1 балкон,,Косметический,2022.0,Монолитный,Нет,
230,289480451,12/2/2024  17:20,22/02/2024 00:39,https://spb.cian.ru/rent/flat/289480451/,Ленобласть,2,16,1,24.0,833,20000,Всеволожский, Шувалова,40,Девяткино,1,1,1,1,1,0,0,1,0,1,,,2.6,,,1 балкон,Во двор,Евроремонт,2022.0,Монолитный,Нет,
231,289322727,9/1/2024  16:06,22/02/2024 00:39,https://spb.cian.ru/rent/flat/289322727/,Ленобласть,6,12,1,25.0,1080,27000,Всеволожский,проспект Авиаторов Балтики,11/1,Девяткино,1,1,0,1,1,0,0,1,0,1,20.0,,2.7,,1.0,1 лоджия,На улицу и двор,Евроремонт,2018.0,Монолитный,Нет,
232,289148322,21/02/2024  21:40,22/02/2024 00:40,https://spb.cian.ru/rent/flat/289148322/,Ленобласть,1,20,1,27.0,777,21000,Всеволожский, Флотская,9,,1,1,0,0,1,0,0,0,1,1,27.0,,2.7,,,,,Евроремонт,2015.0,Кирпичный,Нет,
233,289144304,15/2/2024  12:38,22/02/2024 00:41,https://spb.cian.ru/rent/flat/289144304/,Ленобласть,7,18,1,20.0,950,19000,Всеволожский,бульвар Воронцовский,17,Гражданский проспект,1,1,0,1,1,0,0,1,0,1,16.0,,,,1.0,1 лоджия,На улицу,Косметический,2018.0,Монолитный,Нет,
234,288913259,18/2/2024  19:32,22/02/2024 00:42,https://spb.cian.ru/rent/flat/288913259/,Ленобласть,4,14,1,28.0,1000,28000,Всеволожский, Столичная,5,Улица Дыбенко,1,1,0,0,1,0,0,0,0,1,,,,,1.0,1 лоджия,Во двор,Косметический,2015.0,Кирпичный,Нет,
235,288428735,9/2/2024  10:27,22/02/2024 00:43,https://spb.cian.ru/rent/flat/288428735/,Ленобласть,3,3,1,48.0,729,35000,Всеволожский, Горная,23к6,,1,1,1,0,1,1,0,1,1,1,,,,,,1 лоджия,,Дизайнерский,2015.0,Кирпичный,Нет,
236,287554769,16/2/2024  10:40,22/02/2024 00:44,https://spb.cian.ru/rent/flat/287554769/,Ленобласть,14,18,1,28.0,642,18000,Всеволожский,бульвар Воронцовский,21к1,Девяткино,1,1,0,0,1,0,0,0,0,1,20.0,6.0,,,1.0,1 лоджия,Во двор,Евроремонт,2022.0,Монолитный,Нет,
237,286853223,17/2/2024  12:23,22/02/2024 00:44,https://spb.cian.ru/rent/flat/286853223/,Ленобласть,16,19,1,24.2,867,21000,Всеволожский,бульвар Петровский,14к5,Девяткино,1,1,1,1,1,0,0,1,0,1,,,,,1.0,1 лоджия,,Косметический,2018.0,Монолитный,Нет,
238,286219142,21/02/2024  16:47,22/02/2024 00:45,https://spb.cian.ru/rent/flat/286219142/,Ленобласть,13,16,1,30.0,600,18000,Всеволожский,бульвар Воронцовский,18,Девяткино,1,1,1,0,1,0,0,1,1,1,24.0,6.0,2.7,,1.0,"1 лоджия, 1 балкон",Во двор,Евроремонт,2017.0,Монолитный,Нет,Наземная
239,285512920,21/02/2024  15:25,22/02/2024 00:46,https://spb.cian.ru/rent/flat/285512920/,Ленобласть,2,9,1,26.0,769,20000,Всеволожский, Центральная,52,Улица Дыбенко,1,1,0,0,1,0,0,0,1,1,16.0,,,,,1 балкон,Во двор,Дизайнерский,2012.0,Кирпичный,Нет,
240,285011947,16/2/2024  20:11,22/02/2024 00:46,https://spb.cian.ru/rent/flat/285011947/,Ленобласть,10,19,1,24.0,875,21000,Всеволожский,бульвар Воронцовский,21к3,Девяткино,1,1,0,0,1,0,0,0,0,1,24.0,,,,,1 лоджия,На улицу,Евроремонт,2022.0,Монолитный,Нет,
241,285002164,18/2/2024  00:22,22/02/2024 00:47,https://spb.cian.ru/rent/flat/285002164/,Ленобласть,11,19,1,19.8,909,18000,Всеволожский,бульвар Воронцовский,21к3,Девяткино,1,1,0,0,1,0,0,0,1,1,19.8,,,,1.0,1 лоджия,,Косметический,2022.0,Монолитный,Нет,Наземная
242,284351104,19/2/2024  17:30,22/02/2024 00:48,https://spb.cian.ru/rent/flat/284351104/,Ленобласть,9,10,1,25.5,862,22000,Всеволожский, Центральная,50,Улица Дыбенко,1,1,0,0,1,0,0,0,0,1,,,,,1.0,1 лоджия,На улицу,Косметический,2013.0,,Нет,Наземная
243,284327986,21/02/2024  17:20,22/02/2024 00:49,https://spb.cian.ru/rent/flat/284327986/,Ленобласть,9,15,1,24.7,809,20000,Всеволожский, Шоссе в Лаврики,55,Девяткино,1,1,1,1,1,0,0,1,0,1,17.8,,,,1.0,1 балкон,Во двор,Косметический,2016.0,,Нет,
244,284152327,31/1/2024  11:09,22/02/2024 00:50,https://spb.cian.ru/rent/flat/284152327/,Ленобласть,16,16,1,27.0,1111,30000,Всеволожский, Шувалова,22к2,Девяткино,1,1,1,1,1,0,0,1,0,1,19.0,3.0,2.6,,1.0,1 балкон,Во двор,Дизайнерский,2021.0,,Нет,Подземная
245,284047534,15/2/2024  16:59,22/02/2024 00:50,https://spb.cian.ru/rent/flat/284047534/,Ленобласть,3,5,1,26.3,646,17000,Всеволожский, Тихвинская,8к3,Проспект Просвещения,1,1,1,1,1,0,0,0,0,1,14.0,,,,1.0,1 лоджия,Во двор,Косметический,2017.0,Монолитный,Нет,Наземная
246,283867450,20/2/2024  10:36,22/02/2024 00:51,https://spb.cian.ru/rent/flat/283867450/,Ленобласть,2,13,1,27.0,740,20000,Всеволожский,бульвар Воронцовский,9к2,,1,1,1,1,1,0,0,1,0,1,,,,,1.0,1 лоджия,,Евроремонт,2019.0,Монолитно-кирпичный,Нет,
247,283641109,20/2/2024  16:29,22/02/2024 00:52,https://spb.cian.ru/rent/flat/283641109/,Ленобласть,4,18,1,25.0,720,18000,Всеволожский, Шувалова,23,Девяткино,1,1,1,0,1,0,0,1,1,1,,,2.7,,1.0,1 лоджия,На улицу,Евроремонт,2017.0,Блочный,Нет,Наземная
248,283610231,19/2/2024  19:20,22/02/2024 00:53,https://spb.cian.ru/rent/flat/283610231/,Ленобласть,12,20,1,23.0,1086,25000,Всеволожский,проспект Авиаторов Балтики,7,Девяткино,1,1,0,0,1,0,0,1,0,1,,,,,,1 балкон,,Евроремонт,2016.0,Монолитный,Нет,
249,283525489,19/2/2024  11:06,22/02/2024 00:53,https://spb.cian.ru/rent/flat/283525489/,Ленобласть,2,8,1,22.0,818,18000,Всеволожский, Ясная,17к1,,1,1,0,0,0,0,0,0,0,1,15.0,5.0,2.7,,1.0,1 балкон,Во двор,Косметический,2022.0,,Нет,Наземная
250,282316981,21/02/2024  11:03,22/02/2024 00:54,https://spb.cian.ru/rent/flat/282316981/,Ленобласть,5,9,1,28.0,892,25000,Всеволожский,бульвар Петровский,2к1,Девяткино,1,1,1,1,1,0,0,1,0,1,,,2.6,,1.0,"1 лоджия, 1 балкон",На улицу,Евроремонт,2020.0,Монолитный,Нет,Наземная
251,282281995,13/2/2024  17:41,22/02/2024 00:55,https://spb.cian.ru/rent/flat/282281995/,Ленобласть,5,16,1,27.5,872,24000,Всеволожский,проспект Авиаторов Балтики,9к3,Девяткино,1,1,1,0,1,0,0,1,1,1,17.5,,,,1.0,1 лоджия,Во двор,Евроремонт,2019.0,Монолитный,Нет,
252,280763278,19/2/2024  15:50,22/02/2024 00:56,https://spb.cian.ru/rent/flat/280763278/,Ленобласть,8,12,1,25.0,880,22000,Всеволожский,бульвар Воронцовский,11к5,,1,1,1,0,1,0,0,1,1,1,17.0,,,,1.0,1 балкон,Во двор,Косметический,2019.0,Монолитный,Нет,
253,279736160,15/2/2024  15:32,22/02/2024 00:56,https://spb.cian.ru/rent/flat/279736160/,Ленобласть,12,15,1,24.0,1041,25000,Всеволожский, Шувалова,18/8,Девяткино,1,1,1,1,1,0,0,1,0,1,17.0,,2.7,,1.0,1 лоджия,Во двор,Евроремонт,2022.0,,Нет,Наземная
254,279613394,13/2/2024  19:14,22/02/2024 00:57,https://spb.cian.ru/rent/flat/279613394/,Ленобласть,9,20,1,20.0,1000,20000,Всеволожский,бульвар Петровский,12к1,Девяткино,1,1,1,0,1,0,0,1,1,1,15.0,,,,1.0,1 лоджия,На улицу и двор,Косметический,2017.0,,Нет,
255,279385999,20/2/2024  11:47,22/02/2024 00:58,https://spb.cian.ru/rent/flat/279385999/,Ленобласть,3,12,1,24.2,826,20000,Всеволожский,бульвар Воронцовский,11к4,,1,1,0,0,1,0,0,1,1,1,17.3,4.0,,,1.0,1 лоджия,Во двор,Косметический,2018.0,,Нет,
256,278962627,18/2/2024  22:18,22/02/2024 00:59,https://spb.cian.ru/rent/flat/278962627/,Ленобласть,12,12,1,23.0,956,22000,Всеволожский,бульвар Воронцовский,11к1,,1,1,0,0,1,0,0,1,1,1,17.0,,,,1.0,1 лоджия,Во двор,Косметический,2017.0,Монолитный,Нет,
257,277778401,21/02/2024  16:57,22/02/2024 00:59,https://spb.cian.ru/rent/flat/277778401/,Ленобласть,3,16,1,23.0,1086,25000,Всеволожский, Пражская,4,Улица Дыбенко,1,1,1,0,1,0,0,1,1,1,15.0,5.0,2.7,,1.0,1 балкон,На улицу и двор,Евроремонт,2020.0,Монолитно-кирпичный,Нет,Наземная
258,277603004,15/2/2024  17:20,22/02/2024 01:00,https://spb.cian.ru/rent/flat/277603004/,Ленобласть,13,15,1,25.0,880,22000,Всеволожский, Пражская,13,Улица Дыбенко,1,1,1,1,1,0,0,1,0,1,,,,,1.0,1 лоджия,,Евроремонт,2017.0,Монолитно-кирпичный,Нет,
259,277574201,19/2/2024  16:40,22/02/2024 01:01,https://spb.cian.ru/rent/flat/277574201/,Ленобласть,1,14,1,25.0,800,20000,Всеволожский, Столичная,5,Улица Дыбенко,1,1,1,0,1,0,0,1,1,1,16.0,5.0,,,1.0,1 лоджия,Во двор,Евроремонт,2015.0,Кирпичный,Нет,
260,277404957,19/2/2024  20:39,22/02/2024 01:02,https://spb.cian.ru/rent/flat/277404957/,Ленобласть,6,22,1,24.0,833,20000,Всеволожский,проспект Строителей,16,Улица Дыбенко,1,1,1,1,1,0,0,1,0,1,13.0,3.5,,,1.0,1 лоджия,Во двор,Косметический,2022.0,Монолитный,Нет,
261,277285395,19/2/2024  18:39,22/02/2024 01:02,https://spb.cian.ru/rent/flat/277285395/,Ленобласть,4,15,1,27.0,407,11000,Тосненский,Октябрьская ,16,Рыбацкое,0,0,0,0,1,0,0,0,0,0,,,,,1.0,1 лоджия,Во двор,Косметический,2015.0,Монолитный,Нет,
262,276134046,16/2/2024  10:41,22/02/2024 01:03,https://spb.cian.ru/rent/flat/276134046/,Ленобласть,9,16,1,26.0,769,20000,Всеволожский, Шувалова,50,Девяткино,1,1,0,0,1,0,0,0,1,1,,,,,1.0,1 лоджия,Во двор,Косметический,2018.0,Монолитный,Нет,Наземная
263,274901767,19/2/2024  09:25,22/02/2024 01:04,https://spb.cian.ru/rent/flat/274901767/,Ленобласть,19,21,1,25.0,1000,25000,Всеволожский, Столичная,11к3,Улица Дыбенко,0,1,1,1,1,0,0,1,0,1,16.0,9.0,,,1.0,1 лоджия,Во двор,Косметический,2018.0,Кирпичный,Нет,
264,273497908,16/2/2024  15:14,22/02/2024 01:05,https://spb.cian.ru/rent/flat/273497908/,Ленобласть,11,20,1,24.0,1041,25000,Всеволожский, Пражская,15,Улица Дыбенко,1,1,1,0,1,0,0,1,1,1,1.0,16.0,,,1.0,1 балкон,На улицу,Косметический,2017.0,Монолитный,Нет,
265,271950793,20/2/2024  16:50,22/02/2024 01:06,https://spb.cian.ru/rent/flat/271950793/,Ленобласть,13,28,1,27.0,740,20000,Всеволожский,Новая ,11к3,Девяткино,1,1,1,1,1,0,0,1,0,1,18.0,,,,1.0,1 лоджия,Во двор,Евроремонт,2016.0,,Нет,
266,271897731,18/2/2024  22:05,22/02/2024 01:07,https://spb.cian.ru/rent/flat/271897731/,Ленобласть,3,19,1,24.0,916,22000,Всеволожский,аллея Охтинская,10,Девяткино,1,1,1,0,1,1,0,1,1,1,,,,,,1 балкон,,Косметический,2016.0,,Нет,
267,270592972,17/2/2024  12:17,22/02/2024 01:07,https://spb.cian.ru/rent/flat/270592972/,Ленобласть,7,12,1,27.0,740,20000,Всеволожский, Английская,8,,1,1,0,1,1,0,0,1,0,1,15,5,2.7,,1.0,1 балкон,Во двор,Евроремонт,2020,Монолитно-кирпичный,Нет,Наземная
